date,total_equity,daily_return
2019-03-13,1000000.0,0.0
2019-03-14,1000300.0,0.00029999999999996696
2019-03-15,1001400.0,0.0010996700989702735
2019-03-18,1001660.0,0.00025963650888760625
2019-03-19,1003200.0,0.0015374478365912658
2019-03-20,996620.0,-0.006559011164274375
2019-03-21,995640.0,-0.000983323633882538
2019-03-22,996060.0,0.0004218392189947462
2019-03-25,1001300.0,0.005260727265425702
2019-03-26,999280.0,-0.0020173774093678043
2019-03-27,996740.0,-0.002541830117684718
2019-03-28,1002660.0,0.0059393623211669855
2019-03-29,1003420.0,0.0007579837631899178
2019-04-01,1003740.0,0.00031890933009104394
2019-04-02,1000020.0,-0.003706139039990397
2019-04-03,997500.0,-0.002519949601007987
2019-04-04,993560.0,-0.003949874686716814
2019-04-08,992120.0,-0.0014493337090865088
2019-04-09,988100.0,-0.004051929202112614
2019-04-10,966010.0,-0.022356036838376725
2019-04-11,965590.0,-0.0004347781078870572
2019-04-12,964280.0,-0.0013566834784950466
2019-04-15,964510.0,0.00023851993196988275
2019-04-16,960810.0,-0.003836144778177508
2019-04-17,960430.0,-0.00039549963052010195
2019-04-18,962140.0,0.001780452505648622
2019-04-19,965740.0,0.0037416592179932984
2019-04-22,961440.0,-0.004452544163025207
2019-04-23,964260.0,0.0029331003494756924
2019-04-24,961960.0,-0.002385248791819672
2019-04-25,960980.0,-0.0010187533785188663
2019-04-26,957880.0,-0.0032258735873795796
2019-04-29,956170.0,-0.0017851922996617864
2019-04-30,963060.0,0.007205831598983359
2019-05-06,962440.0,-0.0006437812805016874
2019-05-07,963290.0,0.0008831719379909231
2019-05-08,962780.0,-0.0005294355801471751
2019-05-09,963950.0,0.0012152308938697676
2019-05-10,963050.0,-0.0009336583847709967
2019-05-13,966710.0,0.0038004257307513445
2019-05-14,984020.0,0.01790609386475772
2019-05-15,987940.0,0.003983658868722095
2019-05-16,988220.0,0.00028341802133735605
2019-05-17,992620.0,0.004452449859343011
2019-05-20,986200.0,-0.00646773186113514
2019-05-21,991660.0,0.005536402352463998
2019-05-22,998290.0,0.006685759231994881
2019-05-23,996280.0,-0.002013442987508607
2019-05-24,1008175.0,0.011939414622395228
2019-05-27,1010840.0,0.0026433902844247292
2019-05-28,1011375.0,0.0005292627913418002
2019-05-29,1024880.0,0.013353108392040625
2019-05-30,1022980.0,-0.0018538755756771774
2019-05-31,1033955.0,0.010728459989442607
2019-06-03,1064365.0,0.029411338017611977
2019-06-04,1057535.0,-0.006416971621577172
2019-06-05,1060155.0,0.002477459374867097
2019-06-06,1054855.0,-0.004999268974819726
2019-06-10,1037975.0,-0.016002199354413604
2019-06-11,1037300.0,-0.0006503046797851075
2019-06-12,1049755.0,0.012007133905331147
2019-06-13,1056925.0,0.006830165133769217
2019-06-14,1058715.0,0.0016935922605672005
2019-06-17,1061435.0,0.0025691522269921663
2019-06-18,1053300.0,-0.007664152774310207
2019-06-19,1029365.0,-0.02272382037406251
2019-06-20,1031230.0,0.0018117965930453117
2019-06-21,1023680.0,-0.007321354111110012
2019-06-24,1014880.0,-0.008596436386370754
2019-06-25,1012190.0,-0.0026505596720795
2019-06-26,1012480.0,0.00028650747389313835
2019-06-27,1007350.0,-0.005066766750948193
2019-06-28,1001280.0,-0.006025711023973757
2019-07-01,991940.0,-0.009328060083093614
2019-07-02,987080.0,-0.004899489888501307
2019-07-03,988540.0,0.0014791101025246611
2019-07-04,982260.0,-0.0063528031237987115
2019-07-05,979180.0,-0.0031356260053346796
2019-07-08,987240.0,0.008231377274862561
2019-07-09,1009900.0,0.0229528787326283
2019-07-10,1000290.0,-0.009515793642934978
2019-07-11,999490.0,-0.0007997680672604535
2019-07-12,1004600.0,0.00511260742978914
2019-07-15,997060.0,-0.0075054748158470685
2019-07-16,1001070.0,0.0040218241630394225
2019-07-17,1002840.0,0.001768108124307055
2019-07-18,996770.0,-0.006052810019544497
2019-07-19,1001810.0,0.005056331952205673
2019-07-22,992030.0,-0.009762330182369938
2019-07-23,990940.0,-0.0010987570940395042
2019-07-24,988000.0,-0.0029668799321855843
2019-07-25,985025.0,-0.0030111336032389024
2019-07-26,986535.0,0.0015329560163448441
2019-07-29,979455.0,-0.007176633368304208
2019-07-30,979885.0,0.00043901965889192596
2019-07-31,975005.0,-0.004980176245171664
2019-08-01,969965.0,-0.005169204260490945
2019-08-02,975775.0,0.005989906852309046
2019-08-05,1007105.0,0.032107811739386705
2019-08-06,991920.0,-0.015077871721419278
2019-08-07,998500.0,0.0066335994838293555
2019-08-08,1001925.0,0.0034301452178266967
2019-08-09,1002055.0,0.00012975023080574744
2019-08-12,996050.0,-0.005992685032258693
2019-08-13,1015815.0,0.01984338135635766
2019-08-14,988840.0,-0.02655503216629007
2019-08-15,990360.0,0.0015371546458475827
2019-08-16,977725.0,-0.012757986994628268
2019-08-19,966990.0,-0.010979569919967291
2019-08-20,975335.0,0.008629872077270617
2019-08-21,976980.0,0.001686599988721893
2019-08-22,990345.0,0.013679911564208114
2019-08-23,989980.0,-0.00036855843165761737
2019-08-26,1027930.0,0.03833410775975277
2019-08-27,1021990.0,-0.00577860360141258
2019-08-28,1035020.0,0.012749635515024504
2019-08-29,1061210.0,0.025303858862630646
2019-08-30,1027245.0,-0.03200591777310802
2019-09-02,1030595.0,0.003261149969091992
2019-09-03,1034835.0,0.004114128246304416
2019-09-04,1052515.0,0.017084849275488256
2019-09-05,1040345.0,-0.011562780577949017
2019-09-06,1019660.0,-0.019882827331317965
2019-09-09,989415.0,-0.029661848067002672
2019-09-10,982985.0,-0.006498789688856532
2019-09-11,991285.0,0.00844366902852034
2019-09-12,973785.0,-0.017653853331786484
2019-09-16,976865.0,0.003162915838711866
2019-09-17,978695.0,0.0018733397142900454
2019-09-18,969195.0,-0.009706803447447898
2019-09-19,971615.0,0.002496917544972943
2019-09-20,977335.0,0.005887105489314148
2019-09-23,992505.0,0.015521801634035493
2019-09-24,989465.0,-0.0030629568616782343
2019-09-25,990365.0,0.0009095824511224926
2019-09-26,985265.0,-0.005149616555512382
2019-09-27,981945.0,-0.0033696518195612812
2019-09-30,993795.0,0.01206788567587802
2019-10-08,981675.0,-0.01219567415815137
2019-10-09,985635.0,0.004033921613568747
2019-10-10,980955.0,-0.004748208008035437
2019-10-11,979395.0,-0.0015902870162239902
2019-10-14,971940.0,-0.007611842004502822
2019-10-15,970830.0,-0.0011420458052966431
2019-10-16,965460.0,-0.005531349463860802
2019-10-17,963990.0,-0.00152259026785162
2019-10-18,963855.0,-0.0001400429465036046
2019-10-21,964665.0,0.0008403753676642367
2019-10-22,953510.0,-0.011563599798893875
2019-10-23,953525.0,1.57313504840495e-05
2019-10-24,946420.0,-0.007451299126923772
2019-10-25,947310.0,0.0009403858751928507
2019-10-28,949875.0,0.002707666972796563
2019-10-29,945570.0,-0.004532175286221851
2019-10-30,938760.0,-0.007202005139756995
2019-10-31,932320.0,-0.006860113341003005
2019-11-01,943705.0,0.012211472455809114
2019-11-04,934245.0,-0.010024319040378038
2019-11-05,926515.0,-0.008274060872683342
2019-11-06,927390.0,0.0009443991732460688
2019-11-07,932445.0,0.00545078122472753
2019-11-08,952535.0,0.02154550670548927
2019-11-11,971210.0,0.019605578797629475
2019-11-12,964830.0,-0.006569125111973717
2019-11-13,972010.0,0.00744172548531874
2019-11-14,979530.0,0.007736545920309368
2019-11-15,989670.0,0.010351903463906131
2019-11-18,993310.0,0.0036779936746591524
2019-11-19,1002670.0,0.009423040138526684
2019-11-20,1030530.0,0.027785811882274247
2019-11-21,993890.0,-0.03555452048945684
2019-11-22,988990.0,-0.004930123051846813
2019-11-25,976760.0,-0.012366151326100416
2019-11-26,954610.0,-0.02267701380072895
2019-11-27,946420.0,-0.00857941986779942
2019-11-28,938420.0,-0.008452906743306343
2019-11-29,947740.0,0.009931587135824094
2019-12-02,970640.0,0.02416274505666105
2019-12-03,968050.0,-0.0026683425368828617
2019-12-04,975630.0,0.007830174061257189
2019-12-05,954580.0,-0.02157580230210221
2019-12-06,962320.0,0.008108277986130119
2019-12-09,968520.0,0.006442763321971912
2019-12-10,970130.0,0.001662330153223479
2019-12-11,971520.0,0.0014327976662922293
2019-12-12,980270.0,0.00900650527009228
2019-12-13,983950.0,0.003754067756842394
2019-12-16,981000.0,-0.0029981198231617823
2019-12-17,964610.0,-0.016707441386340505
2019-12-18,950360.0,-0.014772809736577464
2019-12-19,946970.0,-0.003567069321099403
2019-12-20,960760.0,0.014562235340084717
2019-12-23,955830.0,-0.005131354344477312
2019-12-24,961750.0,0.0061935699862947224
2019-12-25,964170.0,0.002516246425786406
2019-12-26,968550.0,0.004542767354304811
2019-12-27,991550.0,0.023746838056889263
2019-12-30,1008420.0,0.017013766325450153
2019-12-31,990130.0,-0.018137284068146187
2020-01-02,987340.0,-0.002817811802490633
2020-01-03,1008880.0,0.0218161930034233
2020-01-06,1047300.0,0.038081833320117386
2020-01-07,1030680.0,-0.015869378401604073
2020-01-08,1057030.0,0.02556564598129385
2020-01-09,1024710.0,-0.03057623719288949
2020-01-10,1046600.0,0.021362141483932007
2020-01-13,1067680.0,0.020141410280909655
2020-01-14,1039740.0,-0.026168889554922803
2020-01-15,1006940.0,-0.03154634812549295
2020-01-16,997410.0,-0.009464317635608843
2020-01-17,991020.0,-0.0064065930760670575
2020-01-20,1000260.0,0.009323727069080245
2020-01-21,962990.0,-0.03726031231879712
2020-01-22,966500.0,0.0036448976624887663
2020-01-23,956060.0,-0.010801862390067307
2020-02-03,917800.0,-0.04001840888647157
2020-02-04,879460.0,-0.0417738069296143
2020-02-05,876270.0,-0.0036272257976485145
2020-02-06,869610.0,-0.00760039713786842
2020-02-07,869310.0,-0.0003449822334149477
2020-02-10,864140.0,-0.005947245516559119
2020-02-11,863750.0,-0.0004513157590205763
2020-02-12,871170.0,0.00859044862518088
2020-02-13,865840.0,-0.006118208845575457
2020-02-14,865880.0,4.619791185445088e-05
2020-02-17,853430.0,-0.014378435810966872
2020-02-18,854810.0,0.00161700432372891
2020-02-19,848340.0,-0.007568933447198778
2020-02-20,836530.0,-0.013921305137091222
2020-02-21,831060.0,-0.006538916715479459
2020-02-24,837580.0,0.00784540225735797
2020-02-25,838750.0,0.0013968814919171901
2020-02-26,847020.0,0.009859910581222042
2020-02-27,855580.0,0.01010601874808148
2020-02-28,879760.0,0.028261530190046624
2020-03-02,857350.0,-0.02547285623351825
2020-03-03,855110.0,-0.0026127019303667787
2020-03-04,854080.0,-0.001204523394650936
2020-03-05,849180.0,-0.005737167478456318
2020-03-06,869830.0,0.024317576956593312
2020-03-09,910390.0,0.046629801225526846
2020-03-10,882680.0,-0.030437504805632787
2020-03-11,891080.0,0.00951647256083743
2020-03-12,913720.0,0.02540737083090172
2020-03-13,917050.0,0.00364444249879603
2020-03-16,951585.0,0.03765879723024912
2020-03-17,979435.0,0.029266959861704356
2020-03-18,1057015.0,0.0792089316799991
2020-03-19,1129545.0,0.06861775849916985
2020-03-20,1083360.0,-0.04088814522661777
2020-03-23,1167180.0,0.07737040319007527
2020-03-24,1141150.0,-0.022301615860449986
2020-03-25,1108695.0,-0.02844060815843663
2020-03-26,1128565.0,0.017921971326649855
2020-03-27,1140560.0,0.010628541554983606
2020-03-30,1196030.0,0.04863400434874099
2020-03-31,1149060.0,-0.03927159017750392
2020-04-01,1167270.0,0.015847736410631308
2020-04-02,1116325.0,-0.04364457237828434
2020-04-03,1132035.0,0.014072962622892149
2020-04-07,1082750.0,-0.0435366397682051
2020-04-08,1073895.0,-0.008178249826829798
2020-04-09,1057605.0,-0.0151690807760535
2020-04-10,1058685.0,0.0010211752024622545
2020-04-13,1094900.0,0.03420753104086671
2020-04-14,1086610.0,-0.007571467713946456
2020-04-15,1064720.0,-0.020145222296868215
2020-04-16,1079840.0,0.014200916672927999
2020-04-17,1034500.0,-0.041987701881760264
2020-04-20,1036360.0,0.001797970033832863
2020-04-21,1049760.0,0.012929869929368065
2020-04-22,1052420.0,0.002533912513336345
2020-04-23,1048400.0,-0.003819767773322491
2020-04-24,1057240.0,0.008431896222815816
2020-04-27,1072460.0,0.014395974423971891
2020-04-28,1087660.0,0.014173022770080035
2020-04-29,1072630.0,-0.013818656565470877
2020-04-30,1057170.0,-0.014413171363844013
2020-05-06,1059300.0,0.0020148131331763075
2020-05-07,1051650.0,-0.007221750212404454
2020-05-08,1051950.0,0.0002852660105547855
2020-05-11,1058490.0,0.006217025524026809
2020-05-12,1054470.0,-0.003797862993509593
2020-05-13,1049130.0,-0.0050641554525021615
2020-05-14,1046330.0,-0.0026688780227426268
2020-05-15,1040200.0,-0.0058585723433333126
2020-05-18,1042815.0,0.0025139396269948655
2020-05-19,1052695.0,0.009474355470529217
2020-05-20,1049115.0,-0.003400795102095122
2020-05-21,1043005.0,-0.005823956382284168
2020-05-22,1031835.0,-0.01070944051083167
2020-05-25,1029460.0,-0.002301724597440491
2020-05-26,1033655.0,0.004074951916538838
2020-05-27,1036155.0,0.0024186019513281476
2020-05-28,1047325.0,0.010780240408047037
2020-05-29,1067335.0,0.01910581720096438
2020-06-01,1073625.0,0.005893182552806797
2020-06-02,1080085.0,0.00601699848643622
2020-06-03,1071850.0,-0.0076243999314868915
2020-06-04,1055085.0,-0.015641181135420124
2020-06-05,1061835.0,0.006397588819858191
2020-06-08,1075115.0,0.0125066512217058
2020-06-09,1074325.0,-0.0007348051138715839
2020-06-10,1072545.0,-0.0016568543038651962
2020-06-11,1074240.0,0.0015803532718907665
2020-06-12,1075215.0,0.0009076184092939865
2020-06-15,1052565.0,-0.02106555433099422
2020-06-16,1077955.0,0.024122025718126716
2020-06-17,1075175.0,-0.0025789573776270336
2020-06-18,1082325.0,0.006650080219499088
2020-06-19,1102210.0,0.018372485159263707
2020-06-22,1089075.0,-0.011916966821204689
2020-06-23,1083225.0,-0.0053715308863026
2020-06-24,1089880.0,0.006143691292206155
2020-06-29,1059020.0,-0.0283150438580394
2020-06-30,1070505.0,0.010844932107042293
2020-07-01,1076380.0,0.005488064044539831
2020-07-02,1075410.0,-0.000901168732232116
2020-07-03,1088690.0,0.012348778605369093
2020-07-06,1100330.0,0.010691748799015244
2020-07-07,1100720.0,0.0003544391228085253
2020-07-08,1119255.0,0.016838978123410175
2020-07-09,1130205.0,0.009783293351381062
2020-07-10,1122470.0,-0.006843891152490067
2020-07-13,1166750.0,0.03944871577859543
2020-07-14,1170185.0,0.0029440754231839783
2020-07-15,1185480.0,0.013070582856556934
2020-07-16,1167605.0,-0.015078280527718757
2020-07-17,1188670.0,0.01804120400306619
2020-07-20,1199145.0,0.008812370127958102
2020-07-21,1240440.0,0.03443703638842677
2020-07-22,1261445.0,0.016933507465092923
2020-07-23,1307725.0,0.03668808390377709
2020-07-24,1287485.0,-0.015477260127320314
2020-07-27,1315730.0,0.021938119667413547
2020-07-28,1291520.0,-0.018400431699512776
2020-07-29,1303290.0,0.009113292864221911
2020-07-30,1303260.0,-2.301866813980702e-05
2020-07-31,1320025.0,0.012863895155226235
2020-08-03,1344660.0,0.01866252533095958
2020-08-04,1357930.0,0.009868665685005773
2020-08-05,1374360.0,0.012099298196519781
2020-08-06,1417075.0,0.03107992083588007
2020-08-07,1437625.0,0.01450170245047011
2020-08-10,1401820.0,-0.02490566037735853
2020-08-11,1379740.0,-0.015750952333395185
2020-08-12,1346110.0,-0.024374157449954303
2020-08-13,1329995.0,-0.011971532787067973
2020-08-14,1339365.0,0.007045139267440881
2020-08-17,1364815.0,0.019001541775393482
2020-08-18,1384670.0,0.014547759220113976
2020-08-19,1361910.0,-0.01643712942433939
2020-08-20,1338350.0,-0.01729923416378465
2020-08-21,1319675.0,-0.013953749019314787
2020-08-24,1301940.0,-0.013438914884346564
2020-08-25,1304030.0,0.0016052967110620209
2020-08-26,1305810.0,0.0013649992714892534
2020-08-27,1310815.0,0.0038328700193750453
2020-08-28,1323235.0,0.00947502126539601
2020-08-31,1365965.0,0.032292072080922996
2020-09-01,1369285.0,0.002430516155245588
2020-09-02,1367345.0,-0.0014167978178392104
2020-09-03,1346355.0,-0.015350917288614041
2020-09-04,1340715.0,-0.004189088316231548
2020-09-07,1322795.0,-0.013366002468831906
2020-09-08,1308395.0,-0.010886040542941289
2020-09-09,1249995.0,-0.04463483886746744
2020-09-10,1258415.0,0.006736026944107687
2020-09-11,1265055.0,0.005276478745088076
2020-09-14,1275175.0,0.007999652189035311
2020-09-15,1263435.0,-0.009206579489089761
2020-09-16,1256745.0,-0.0052950883899844925
2020-09-17,1260485.0,0.002975941817950245
2020-09-18,1274105.0,0.010805364601720768
2020-09-21,1276595.0,0.0019543130275763154
2020-09-22,1236545.0,-0.0313725183006357
2020-09-23,1237780.0,0.0009987505509301275
2020-09-24,1237965.0,0.00014946113202674027
2020-09-25,1233035.0,-0.003982341988666871
2020-09-28,1236105.0,0.0024897914495534135
2020-09-29,1223550.0,-0.010156904146492396
2020-09-30,1214840.0,-0.007118630215356969
2020-10-09,1231575.0,0.01377547660597278
2020-10-12,1217340.0,-0.011558370379392224
2020-10-13,1215040.0,-0.0018893653375392505
2020-10-14,1215145.0,8.641690808541824e-05
2020-10-15,1212875.0,-0.0018680898164417092
2020-10-16,1225735.0,0.010602906317633831
2020-10-19,1230995.0,0.00429130276935874
2020-10-20,1253170.0,0.018013883078322745
2020-10-21,1240825.0,-0.00985101781881148
2020-10-22,1238035.0,-0.0022485040195031614
2020-10-23,1229730.0,-0.006708210995650332
2020-10-26,1241905.0,0.009900547274604987
2020-10-27,1253025.0,0.008953986013422899
2020-10-28,1283615.0,0.02441292073182888
2020-10-29,1250640.0,-0.025689166923103857
2020-10-30,1248730.0,-0.0015272180643510769
2020-11-02,1225030.0,-0.01897928295147866
2020-11-03,1212095.0,-0.010558925087548854
2020-11-04,1215150.0,0.002520429504287991
2020-11-05,1231565.0,0.01350862033493816
2020-11-06,1211125.0,-0.01659676915144548
2020-11-09,1211465.0,0.0002807307255650038
2020-11-10,1177055.0,-0.028403627013574462
2020-11-11,1182025.0,0.004222402521547375
2020-11-12,1181645.0,-0.00032148220215311163
2020-11-13,1194135.0,0.010570010451531608
2020-11-16,1191235.0,-0.002428536137036419
2020-11-17,1216595.0,0.021288830499439637
2020-11-18,1224045.0,0.006123648379288138
2020-11-19,1242055.0,0.014713511349664365
2020-11-20,1254035.0,0.00964530556215304
2020-11-23,1209815.0,-0.03526217370328577
2020-11-24,1222425.0,0.010423081214896435
2020-11-25,1224695.0,0.001856964639957548
2020-11-26,1211785.0,-0.010541400103699305
2020-11-27,1241415.0,0.02445153224375618
2020-11-30,1258425.0,0.013702106064450659
2020-12-01,1262090.0,0.002912370622007776
2020-12-02,1285045.0,0.018188084843394625
2020-12-03,1252190.0,-0.02556719803586649
2020-12-04,1268640.0,0.013136984004024965
2020-12-07,1288110.0,0.015347143397654195
2020-12-08,1262750.0,-0.019687759585749642
2020-12-09,1310320.0,0.037671748168679464
2020-12-10,1345110.0,0.026550766225044153
2020-12-11,1352380.0,0.005404762435786026
2020-12-14,1326520.0,-0.019121844452003156
2020-12-15,1352490.0,0.019577541235714424
2020-12-16,1366880.0,0.010639635043512286
2020-12-17,1369600.0,0.0019899332787076673
2020-12-18,1430760.0,0.04465537383177565
2020-12-21,1443200.0,0.008694679750621992
2020-12-22,1384730.0,-0.040514135254988926
2020-12-23,1370990.0,-0.009922511969842507
2020-12-24,1378570.0,0.005528851413941771
2020-12-25,1392630.0,0.010198974299455266
2020-12-28,1320490.0,-0.051801268104234466
2020-12-29,1310910.0,-0.007254882657195427
2020-12-30,1331370.0,0.015607478774286587
2020-12-31,1383280.0,0.03898991264637175
2021-01-04,1387150.0,0.0027976982245099258
2021-01-05,1387490.0,0.000245106873806078
2021-01-06,1405740.0,0.013153247951336544
2021-01-07,1459630.0,0.03833568085136663
2021-01-08,1447990.0,-0.007974623706007655
2021-01-11,1369930.0,-0.05390921208019395
2021-01-12,1397210.0,0.019913426233457265
2021-01-13,1415695.0,0.013229936802628073
2021-01-14,1397970.0,-0.012520352194505202
2021-01-15,1420540.0,0.01614483858738036
2021-01-18,1413770.0,-0.004765793289875697
2021-01-19,1380605.0,-0.02345855407881059
2021-01-20,1362175.0,-0.013349220088294644
2021-01-21,1378900.0,0.012278158092756009
2021-01-22,1332915.0,-0.03334904634128655
2021-01-25,1341710.0,0.006598320222970022
2021-01-26,1336440.0,-0.003927823449180523
2021-01-27,1364270.0,0.020823980126305708
2021-01-28,1335260.0,-0.021264119272577986
2021-01-29,1358690.0,0.017547144376376167
2021-02-01,1357385.0,-0.000960483995613437
2021-02-02,1366530.0,0.006737218990927385
2021-02-03,1340650.0,-0.018938479213775006
2021-02-04,1349795.0,0.006821318017379729
2021-02-05,1343150.0,-0.004922969784300624
2021-02-08,1341730.0,-0.0010572162453933442
2021-02-09,1352850.0,0.008287807532066704
2021-02-10,1339010.0,-0.01023025464759586
2021-02-18,1374070.0,0.026183523648068308
2021-02-19,1382580.0,0.006193279818349939
2021-02-22,1406715.0,0.01745649438007213
2021-02-23,1444545.0,0.02689244089954257
2021-02-24,1461815.0,0.011955321571844424
2021-02-25,1527265.0,0.044773107404151746
2021-02-26,1471985.0,-0.03619542122683361
2021-03-01,1478500.0,0.004425996188819781
2021-03-02,1430055.0,-0.03276631721339196
2021-03-03,1447945.0,0.012510008356321878
2021-03-04,1425655.0,-0.015394231134469916
2021-03-05,1416040.0,-0.006744268423987565
2021-03-08,1446540.0,0.021538939577977922
2021-03-09,1403745.0,-0.029584387573105442
2021-03-10,1391735.0,-0.008555684971273236
2021-03-11,1403480.0,0.008439106582790457
2021-03-12,1412310.0,0.006291503975831558
2021-03-15,1434140.0,0.015456946421111617
2021-03-16,1393375.0,-0.028424700517383217
2021-03-17,1438760.0,0.03257199246434017
2021-03-18,1435950.0,-0.0019530706997692437
2021-03-19,1377690.0,-0.04057244333019949
2021-03-22,1404700.0,0.01960528130421202
2021-03-23,1395400.0,-0.006620630739659683
2021-03-24,1392470.0,-0.002099756342267445
2021-03-25,1375450.0,-0.012222884514567656
2021-03-26,1396340.0,0.015187756734159619
2021-03-29,1390970.0,-0.0038457682226391565
2021-03-30,1394460.0,0.0025090404537839728
2021-03-31,1387260.0,-0.005163289015102657
2021-04-01,1393555.0,0.0045377218401740915
2021-04-02,1405625.0,0.008661301491509121
2021-04-06,1404150.0,-0.0010493552690084007
2021-04-07,1390005.0,-0.010073710073710052
2021-04-08,1393650.0,0.002622292725565689
2021-04-09,1385555.0,-0.005808488501417131
2021-04-12,1371955.0,-0.009815561273280426
2021-04-13,1392880.0,0.015251957972382435
2021-04-14,1392010.0,-0.0006246051346849857
2021-04-15,1392745.0,0.0005280134481793208
2021-04-16,1384850.0,-0.005668661528133279
2021-04-19,1384475.0,-0.00027078744990427506
2021-04-20,1389220.0,0.003427291933765453
2021-04-21,1391225.0,0.001443255927786824
2021-04-22,1395055.0,0.0027529695052921355
2021-04-23,1407120.0,0.008648404543190047
2021-04-26,1426435.0,0.01372661890954574
2021-04-27,1440020.0,0.009523742757293618
2021-04-28,1425605.0,-0.010010277635032816
2021-04-29,1445660.0,0.014067711603144017
2021-04-30,1442555.0,-0.002147807921641376
2021-05-06,1501910.0,0.041145744876278645
2021-05-07,1515275.0,0.008898669028104322
2021-05-10,1588400.0,0.04825856692679542
2021-05-11,1607039.0,0.011734449760765653
2021-05-12,1670444.0,0.03945454964067463
2021-05-13,1609279.0,-0.03661601346707821
2021-05-14,1534879.0,-0.046231883967913556
2021-05-17,1558429.0,0.01534322901023466
2021-05-18,1595524.0,0.023802816811032246
2021-05-19,1567688.0,-0.01744630604115016
2021-05-20,1549292.0,-0.011734477778741703
2021-05-21,1513277.0,-0.023246102090503262
2021-05-24,1514652.0,0.0009086241316031973
2021-05-25,1520022.0,0.0035453688371982484
2021-05-26,1560977.0,0.026943688972922653
2021-05-27,1586202.0,0.01615975123272162
2021-05-28,1596872.0,0.006726759895650192
2021-05-31,1618157.0,0.013329183553847823
2021-06-01,1648022.0,0.018456181940318617
2021-06-02,1670072.0,0.013379675756755693
2021-06-03,1731557.0,0.036815778002385446
2021-06-04,1747287.0,0.009084309670429613
2021-06-07,1737277.0,-0.005728881402997876
2021-06-08,1750092.0,0.007376486305868291
2021-06-09,1720027.0,-0.01717909687033592
2021-06-10,1715427.0,-0.002674376623157615
2021-06-11,1735972.0,0.011976609905288926
2021-06-15,1773872.0,0.021832149366464382
2021-06-16,1759922.0,-0.007864152543137326
2021-06-17,1781607.0,0.01232156879679902
2021-06-18,1818217.0,0.020548864031180836
2021-06-21,1859897.0,0.0229235564291832
2021-06-22,1840777.0,-0.010280139168996949
2021-06-23,1773827.0,-0.03637051093098187
2021-06-24,1793137.0,0.010886067243310649
2021-06-25,1744817.0,-0.02694718808434604
2021-06-28,1737547.0,-0.004166626070241208
2021-06-29,1717387.0,-0.011602563844316127
2021-06-30,1722447.0,0.002946336498413027
2021-07-01,1714637.0,-0.004534246917321738
2021-07-02,1728947.0,0.008345789808571702
2021-07-05,1728037.0,-0.000526331923419332
2021-07-06,1739787.0,0.006799622924740678
2021-07-07,1713687.0,-0.015001836431701165
2021-07-08,1707297.0,-0.0037288022841978075
2021-07-09,1711297.0,0.0023428846884872012
2021-07-12,1716377.0,0.002968508680842641
2021-07-13,1731327.0,0.008710207605904685
2021-07-14,1736487.0,0.002980372858506719
2021-07-15,1721942.0,-0.008376106472435474
2021-07-16,1736582.0,0.008502028523608818
2021-07-19,1733852.0,-0.0015720536087555637
2021-07-20,1718617.0,-0.008786793797855852
2021-07-21,1720627.0,0.0011695450469766389
2021-07-22,1735197.0,0.008467843408245912
2021-07-23,1732147.0,-0.0017577254916877338
2021-07-26,1706687.0,-0.014698521545804089
2021-07-27,1702192.0,-0.002633757683746296
2021-07-28,1715907.0,0.00805725793564993
2021-07-29,1724922.0,0.005253781236395749
2021-07-30,1732457.0,0.004368313465768381
2021-08-02,1666822.0,-0.03788550018846071
2021-08-03,1627202.0,-0.023769784656070048
2021-08-04,1647197.0,0.012287964247831518
2021-08-05,1632516.0,-0.00891271657245607
2021-08-06,1672641.0,0.02457862587564219
2021-08-09,1683826.0,0.0066870296734327095
2021-08-10,1703916.0,0.011931161533317525
2021-08-11,1722340.0,0.010812739595144283
2021-08-12,1687240.0,-0.020379251483446992
2021-08-13,1710275.0,0.01365247386263957
2021-08-16,1747414.0,0.021715221236350946
2021-08-17,1764339.0,0.009685741329759301
2021-08-18,1734539.0,-0.01689017813470084
2021-08-19,1738604.0,0.002343562179922154
2021-08-20,1704419.0,-0.019662326786318185
2021-08-23,1729544.0,0.014741093592596677
2021-08-24,1706539.0,-0.013301193840688619
2021-08-25,1714464.0,0.004643902073143469
2021-08-26,1692944.0,-0.012552027922429376
2021-08-27,1698349.0,0.003192663195002332
2021-08-30,1704774.0,0.003783085808629405
2021-08-31,1692694.0,-0.007085983244699889
2021-09-01,1694869.0,0.0012849339573484109
2021-09-02,1689529.0,-0.003150685982220458
2021-09-03,1685329.0,-0.0024858999164856233
2021-09-06,1691239.0,0.003506733700066933
2021-09-07,1710619.0,0.011459054574782135
2021-09-08,1727669.0,0.00996715224138156
2021-09-09,1745943.0,0.010577257564961862
2021-09-10,1731212.0,-0.008437274298187303
2021-09-13,1771532.0,0.023290041889728164
2021-09-14,1750591.0,-0.011820842073414384
2021-09-15,1771151.0,0.01174460510764641
2021-09-16,1766871.0,-0.0024165076834217203
2021-09-17,1761556.0,-0.003008142643124434
2021-09-22,1830061.0,0.03888891411910844
2021-09-23,1860911.0,0.016857361585215003
2021-09-24,1838476.0,-0.012055923147318737
2021-09-27,1851466.0,0.007065634797517095
2021-09-28,1896616.0,0.02438608108385454
2021-09-29,1894866.0,-0.0009226960017210128
2021-09-30,1928006.0,0.017489363363953014
2021-10-08,1905076.0,-0.011893116515197533
2021-10-11,1904686.0,-0.0002047162422916804
2021-10-12,1924456.0,0.010379663629595637
2021-10-13,1863191.0,-0.031834970505950744
2021-10-14,1848466.0,-0.00790310816228712
2021-10-15,1883631.0,0.019023882505818435
2021-10-18,1925241.0,0.02209031386720639
2021-10-19,1886581.0,-0.02008060289594915
2021-10-20,1790776.0,-0.050782341176975665
2021-10-21,1760766.0,-0.016758098165264634
2021-10-22,1710361.0,-0.028626745405124776
2021-10-25,1730341.0,0.011681744380279913
2021-10-26,1735961.0,0.0032479147173880563
2021-10-27,1724991.0,-0.006319266389049116
2021-10-28,1715311.0,-0.005611623480934136
2021-10-29,1722656.0,0.004282022327146473
2021-11-01,1730861.0,0.004762993888506983
2021-11-02,1761681.0,0.017806166988568073
2021-11-03,1752796.0,-0.005043478359589515
2021-11-04,1728016.0,-0.014137412454159004
2021-11-05,1741236.0,0.007650392125998939
2021-11-08,1726831.0,-0.008272859049548664
2021-11-09,1719326.0,-0.004346111460820423
2021-11-10,1735116.0,0.00918383133855949
2021-11-11,1706581.0,-0.01644558634696469
2021-11-12,1722456.0,0.009302224740577847
2021-11-15,1731801.0,0.00542539257896868
2021-11-16,1732306.0,0.00029160394294724945
2021-11-17,1721416.0,-0.006286418219413892
2021-11-18,1729946.0,0.004955222909511781
2021-11-19,1711986.0,-0.010381826947199468
2021-11-22,1716226.0,0.002476655767044811
2021-11-23,1708706.0,-0.004381707304282778
2021-11-24,1688791.0,-0.011655018475969503
2021-11-25,1690321.0,0.0009059735633361043
2021-11-26,1701981.0,0.006898098053564894
2021-11-29,1697516.0,-0.0026234135398691683
2021-11-30,1704566.0,0.004153127275383639
2021-12-01,1690711.0,-0.008128168695139992
2021-12-02,1702036.0,0.006698365362264758
2021-12-03,1703156.0,0.0006580354352081486
2021-12-06,1702136.0,-0.0005988881817050595
2021-12-07,1686691.0,-0.009073893037924163
2021-12-08,1686966.0,0.0001630411260864495
2021-12-09,1688660.0,0.0010041696157481184
2021-12-10,1686645.0,-0.0011932538225575273
2021-12-13,1679260.0,-0.004378514743766493
2021-12-14,1696449.0,0.01023605635815783
2021-12-15,1704043.0,0.004476409252503366
2021-12-16,1682168.0,-0.012837117373211804
2021-12-17,1679698.0,-0.0014683432332561752
2021-12-20,1718623.0,0.02317380862512186
2021-12-21,1692358.0,-0.01528258378946401
2021-12-22,1686008.0,-0.003752161185753833
2021-12-23,1662238.0,-0.01409839099221355
2021-12-24,1651588.0,-0.00640702474615551
2021-12-27,1656683.0,0.0030849097959055882
2021-12-28,1650243.0,-0.003887285618310754
2021-12-29,1653998.0,0.0022754224680849866
2021-12-30,1654518.0,0.00031438973928632485
2021-12-31,1656798.0,0.0013780448444804527
2022-01-04,1659048.0,0.001358041233753271
2022-01-05,1659478.0,0.00025918478549136204
2022-01-06,1667043.0,0.004558662422761817
2022-01-07,1676738.0,0.005815686817916443
2022-01-10,1689643.0,0.007696491640315939
2022-01-11,1688273.0,-0.0008108221677597394
2022-01-12,1683153.0,-0.0030326848797558315
2022-01-13,1681203.0,-0.0011585399544783437
2022-01-14,1684948.0,0.0022275715663129247
2022-01-17,1683743.0,-0.0007151556012411353
2022-01-18,1690688.0,0.004124738751697832
2022-01-19,1706118.0,0.009126462126660906
2022-01-20,1704348.0,-0.0010374428966812843
2022-01-21,1695678.0,-0.005086989276837817
2022-01-24,1690073.0,-0.003305462475776677
2022-01-25,1681983.0,-0.004786775482479189
2022-01-26,1706443.0,0.014542358632637864
2022-01-27,1730678.0,0.014202056558584086
2022-01-28,1726803.0,-0.0022390069094309073
2022-02-07,1782693.0,0.03236617031589595
2022-02-08,1721713.0,-0.034206674957494076
2022-02-09,1685588.0,-0.020982010358288505
2022-02-10,1728868.0,0.025676499832699262
2022-02-11,1659188.0,-0.040303828863742064
2022-02-14,1684658.0,0.015350882479863603
2022-02-15,1655848.0,-0.01710139387341525
2022-02-16,1646533.0,-0.0056255163517424656
2022-02-17,1611028.0,-0.02156349128745061
2022-02-18,1636353.0,0.015719776440881184
2022-02-21,1644633.0,0.005060032890213728
2022-02-22,1676598.0,0.019435947107956597
2022-02-23,1690758.0,0.008445673918255903
2022-02-24,1738043.0,0.027966746275930765
2022-02-25,1698868.0,-0.02253971852249914
2022-02-28,1700533.0,0.000980064372276157
2022-03-01,1734568.0,0.020014313159462338
2022-03-02,1782553.0,0.027663948602764554
2022-03-03,1840633.0,0.03258248141850473
2022-03-04,1791733.0,-0.026566947349091263
2022-03-07,1910963.0,0.06654451304965647
2022-03-08,1930728.0,0.010342952741628109
2022-03-09,1942013.0,0.005844945533498347
2022-03-10,1816723.0,-0.06451553104948315
2022-03-11,1847943.0,0.017184788214824165
2022-03-14,1781783.0,-0.035801970082410595
2022-03-15,1692532.0,-0.05009083597722053
2022-03-16,1712347.0,0.011707311885388316
2022-03-17,1697021.0,-0.008950288697325948
2022-03-18,1702171.0,0.003034729682190207
2022-03-21,1683421.0,-0.011015344521790094
2022-03-22,1700391.0,0.010080663125860978
2022-03-23,1704251.0,0.0022700661200865113
2022-03-24,1697011.0,-0.004248200529147428
2022-03-25,1692591.0,-0.0026045794635390918
2022-03-28,1687021.0,-0.0032908127243971297
2022-03-29,1670351.0,-0.009881323350450333
2022-03-30,1660001.0,-0.006196302453795655
2022-03-31,1646611.0,-0.008066260201048059
2022-04-01,1622621.0,-0.014569318436473466
2022-04-06,1635191.0,0.0077467258219880986
2022-04-07,1640811.0,0.003436907370453879
2022-04-08,1643451.0,0.0016089604469984309
2022-04-11,1644301.0,0.000517204346220268
2022-04-12,1638655.0,-0.003433677897173304
2022-04-13,1638675.0,1.220513164756909e-05
2022-04-14,1641125.0,0.0014951103788121145
2022-04-15,1646585.0,0.003326986061390924
2022-04-18,1610315.0,-0.022027408241906743
2022-04-19,1605235.0,-0.0031546622865712415
2022-04-20,1611825.0,0.004105317912953543
2022-04-21,1620965.0,0.005670590789943031
2022-04-22,1626935.0,0.0036829913045623996
2022-04-25,1616835.0,-0.006207992329134271
2022-04-26,1615415.0,-0.0008782590678702018
2022-04-27,1617485.0,0.001281404468820746
2022-04-28,1622645.0,0.003190137775620716
2022-04-29,1610595.0,-0.007426146815846968
2022-05-05,1613075.0,0.0015398036129505854
2022-05-06,1613285.0,0.00013018613517656874
2022-05-09,1627330.0,0.0087058393278312
2022-05-10,1609119.0,-0.011190723454984508
2022-05-11,1606919.0,-0.0013672077702145957
2022-05-12,1616804.0,0.0061515235055407125
2022-05-13,1619884.0,0.0019049928129817317
2022-05-16,1610943.0,-0.005519531028147728
2022-05-17,1565112.0,-0.028449796175283648
2022-05-18,1578347.0,0.008456263832875788
2022-05-19,1575207.0,-0.001989423111647848
2022-05-20,1564587.0,-0.006741971055232776
2022-05-23,1567607.0,0.001930221841291102
2022-05-24,1578742.0,0.007103183387162648
2022-05-25,1575772.0,-0.0018812446872256139
2022-05-26,1557717.0,-0.011457875885597657
2022-05-27,1548167.0,-0.006130767013520444
2022-05-30,1555077.0,0.004463342778912027
2022-05-31,1544792.0,-0.006613820408892912
2022-06-01,1539422.0,-0.003476196148089805
2022-06-02,1529152.0,-0.006671335085506103
2022-06-06,1540052.0,0.0071281337630269
2022-06-07,1548397.0,0.005418648201489296
2022-06-08,1554247.0,0.0037781008358968027
2022-06-09,1558357.0,0.00264436733672313
2022-06-10,1559887.0,0.0009818032710091629
2022-06-13,1551327.0,-0.005487576984743114
2022-06-14,1554932.0,0.0023238169644439477
2022-06-15,1552697.0,-0.0014373618910665797
2022-06-16,1552982.0,0.00018355158797889182
2022-06-17,1551482.0,-0.0009658836998754916
2022-06-20,1551137.0,-0.0002223680326294275
2022-06-21,1554992.0,0.002485273705675306
2022-06-22,1568547.0,0.008717086647391126
2022-06-23,1563732.0,-0.0030697199382613283
2022-06-24,1606422.0,0.027300074437307753
2022-06-27,1582877.0,-0.014656796283915474
2022-06-28,1548971.0,-0.021420489399997633
2022-06-29,1563351.0,0.009283582455707595
2022-06-30,1569721.0,0.004074580820301987
2022-07-01,1624396.0,0.034831030482487035
2022-07-04,1686024.0,0.03793902472057309
2022-07-05,1694639.0,0.005109654429592991
2022-07-06,1690354.0,-0.002528562130341583
2022-07-07,1739224.0,0.028911103827955476
2022-07-08,1782969.0,0.025152021821226
2022-07-11,1791884.0,0.0050000869336483955
2022-07-12,1837294.0,0.025342042230412254
2022-07-13,1877199.0,0.02171944174421725
2022-07-14,1881564.0,0.0023252729199194633
2022-07-15,1893914.0,0.00656368850594502
2022-07-18,1793874.0,-0.052821828235072976
2022-07-19,1839449.0,0.025405909222163903
2022-07-20,1801284.0,-0.02074806096825732
2022-07-21,1794979.0,-0.003500280910728071
2022-07-22,1797054.0,0.0011560023822005938
2022-07-25,1767939.0,-0.016201516481975542
2022-07-26,1727919.0,-0.02263652761775148
2022-07-27,1738444.0,0.006091142003762817
2022-07-28,1658149.0,-0.04618785534650527
2022-07-29,1636509.0,-0.01305069689153382
2022-08-01,1667859.0,0.0191566315858942
2022-08-02,1683109.0,0.009143458769596213
2022-08-03,1696429.0,0.007913925954884604
2022-08-04,1705359.0,0.005263998670147707
2022-08-05,1704844.0,-0.0003019891999279656
2022-08-08,1692579.0,-0.007194206625356969
2022-08-09,1671519.0,-0.012442550687442044
2022-08-10,1660899.0,-0.00635350241307453
2022-08-11,1641589.0,-0.011626233744496228
2022-08-12,1635414.0,-0.0037615992797223052
2022-08-15,1631209.0,-0.0025712143836361667
2022-08-16,1632099.0,0.0005456075830871931
2022-08-17,1632659.0,0.00034311644085316395
2022-08-18,1636444.0,0.0023183040671690414
2022-08-19,1642864.0,0.003923140663536273
2022-08-22,1633589.0,-0.005645628609550202
2022-08-23,1628408.0,-0.0031715443725441883
2022-08-24,1623593.0,-0.0029568756724358547
2022-08-25,1630198.0,0.004068137766053415
2022-08-26,1627392.0,-0.0017212633066657768
2022-08-29,1620047.0,-0.004513356339468255
2022-08-30,1626032.0,0.003694337263054681
2022-08-31,1613182.0,-0.007902673502120483
2022-09-01,1615472.0,0.0014195546441753137
2022-09-02,1610047.0,-0.0033581516733189876
2022-09-05,1612587.0,0.0015775936975752636
2022-09-06,1603767.0,-0.005469472344747928
2022-09-07,1617607.0,0.008629682491284596
2022-09-08,1605087.0,-0.007739828029923235
2022-09-09,1606047.0,0.0005980984208333595
2022-09-13,1606417.0,0.0002303793101945395
2022-09-14,1609057.0,0.0016434089031678312
2022-09-15,1604737.0,-0.002684802340749859
2022-09-16,1609117.0,0.0027294192132418793
2022-09-19,1604537.0,-0.0028462815320452473
2022-09-20,1580347.0,-0.01507600011716781
2022-09-21,1585222.0,0.0030847655609811397
2022-09-22,1584267.0,-0.0006024392797980838
2022-09-23,1577532.0,-0.004251177358361891
2022-09-26,1576402.0,-0.0007163087658443867
2022-09-27,1586177.0,0.006200829483850034
2022-09-28,1590302.0,0.0026005924937759772
2022-09-29,1590072.0,-0.00014462661808889443
2022-09-30,1582157.0,-0.004977762013292475
2022-10-10,1583397.0,0.0007837401724355431
2022-10-11,1561082.0,-0.014093117518853449
2022-10-12,1561922.0,0.0005380883259176183
2022-10-13,1563197.0,0.0008163019664233495
2022-10-14,1555557.0,-0.004887419819766814
2022-10-17,1536102.0,-0.012506774100852658
2022-10-18,1512972.0,-0.01505759383165961
2022-10-19,1510727.0,-0.0014838344662029268
2022-10-20,1514857.0,0.002733783138846313
2022-10-21,1511592.0,-0.002155318950897711
2022-10-24,1505037.0,-0.004336487623644469
2022-10-25,1507262.0,0.0014783689703310454
2022-10-26,1500977.0,-0.004169812547519913
2022-10-27,1501052.0,4.9967454531341104e-05
2022-10-28,1509842.0,0.005855893066995632
2022-10-31,1534932.0,0.016617632838402896
2022-11-01,1504902.0,-0.019564384611174934
2022-11-02,1493542.0,-0.007548664298406171
2022-11-03,1489597.0,-0.0026413719868607632
2022-11-04,1462217.0,-0.018380810380257184
2022-11-07,1476392.0,0.009694183558254243
2022-11-08,1475322.0,-0.0007247397710092862
2022-11-09,1480937.0,0.0038059488030408595
2022-11-10,1492671.0,0.00792336203363142
2022-11-11,1466700.0,-0.017399011570533585
2022-11-14,1447815.0,-0.012875843730824288
2022-11-15,1442665.0,-0.0035570842959908866
2022-11-16,1440575.0,-0.0014487077734609555
2022-11-17,1443490.0,0.002023497561737475
2022-11-18,1445570.0,0.0014409521368350386
2022-11-21,1455810.0,0.0070837109237187335
2022-11-22,1458014.0,0.0015139338237819544
2022-11-23,1493939.0,0.02463968110045589
2022-11-24,1495944.0,0.0013420896033906615
2022-11-25,1493449.0,-0.0016678431812955363
2022-11-28,1470414.0,-0.015424028540646506
2022-11-29,1476429.0,0.004090684664318944
2022-11-30,1477674.0,0.0008432508437588027
2022-12-01,1479644.0,0.0013331763298265464
2022-12-02,1468169.0,-0.00775524382892101
2022-12-05,1465189.0,-0.002029739083170945
2022-12-06,1451754.0,-0.009169465509227814
2022-12-07,1486214.0,0.02373680389377264
2022-12-08,1546769.0,0.040744468831541036
2022-12-09,1573364.0,0.017193905489442773
2022-12-12,1632949.0,0.03787108386870419
2022-12-13,1633149.0,0.0001224777993678039
2022-12-14,1630514.0,-0.001613447395185652
2022-12-15,1697774.0,0.04125079576133661
2022-12-16,1705739.0,0.00469143714063236
2022-12-19,1652519.0,-0.031200552956812233
2022-12-20,1639684.0,-0.007766930365097124
2022-12-21,1658509.0,0.011480870704355217
2022-12-22,1614489.0,-0.02654191204268408
2022-12-23,1641919.0,0.01698989587417432
2022-12-26,1600059.0,-0.025494558501363396
2022-12-27,1628724.0,0.01791496438568818
2022-12-28,1625829.0,-0.001777465058536598
2022-12-29,1642669.0,0.010357792855214099
2022-12-30,1669784.0,0.016506672981592807
2023-01-03,1694114.0,0.014570746875044893
2023-01-04,1674994.0,-0.011286135407652664
2023-01-05,1654409.0,-0.012289596261240376
2023-01-06,1676749.0,0.01350331145442274
2023-01-09,1680229.0,0.0020754448042015206
2023-01-10,1694604.0,0.008555381439077747
2023-01-11,1735154.0,0.023928894302149617
2023-01-12,1731714.0,-0.0019825329624920673
2023-01-13,1739804.0,0.004671672112138703
2023-01-16,1708444.0,-0.01802501891017605
2023-01-17,1725314.0,0.00987448227744081
2023-01-18,1745164.0,0.011505152105645733
2023-01-19,1750544.0,0.0030828048252198315
2023-01-20,1737269.0,-0.0075833569450410865
2023-01-30,1762099.0,0.014292547671086009
2023-01-31,1744599.0,-0.009931337569568988
2023-02-01,1741809.0,-0.00159922136834878
2023-02-02,1722769.0,-0.010931164094341028
2023-02-03,1743689.0,0.012143241490878864
2023-02-06,1716679.0,-0.01549014761233225
2023-02-07,1712969.0,-0.0021611495218384347
2023-02-08,1717339.0,0.002551126144139104
2023-02-09,1715619.0,-0.0010015494902287925
2023-02-10,1697169.0,-0.010754135970748702
2023-02-13,1679804.0,-0.010231744746692861
2023-02-14,1682064.0,0.0013453950579949137
2023-02-15,1668219.0,-0.008230959107382363
2023-02-16,1662069.0,-0.0036865663321182796
2023-02-17,1663254.0,0.0007129667901875081
2023-02-20,1658264.0,-0.0030001430929972317
2023-02-21,1656134.0,-0.0012844758132600775
2023-02-22,1656034.0,-6.038158748022937e-05
2023-02-23,1657634.0,0.0009661637381841448
2023-02-24,1659534.0,0.0011462120106127127
2023-02-27,1661834.0,0.001385931231297377
2023-02-28,1659104.0,-0.001642763356628829
2023-03-01,1657294.0,-0.001090950296063431
2023-03-02,1663014.0,0.003451409345595957
2023-03-03,1663804.0,0.0004750411000749022
2023-03-06,1660594.0,-0.0019293137893645618
2023-03-07,1668474.0,0.004745289938419717
2023-03-08,1672524.0,0.0024273677623984913
2023-03-09,1670734.0,-0.0010702387529266666
2023-03-10,1691244.0,0.012276041548205718
2023-03-13,1681794.0,-0.005587602971540484
2023-03-14,1658074.0,-0.014103986576239458
2023-03-15,1646334.0,-0.0070805042476994595
2023-03-16,1648514.0,0.0013241541509803056
2023-03-17,1650884.0,0.0014376584002320225
2023-03-20,1653584.0,0.0016354874115929174
2023-03-21,1659794.0,0.003755479008021423
2023-03-22,1658804.0,-0.0005964595606442469
2023-03-23,1668174.0,0.005648648062097861
2023-03-24,1659644.0,-0.005113375463231096
2023-03-27,1653224.0,-0.0038682994666325854
2023-03-28,1653344.0,7.258544516663967e-05
2023-03-29,1666744.0,0.008104786420732868
2023-03-30,1670798.0,0.00243228714187671
2023-03-31,1682868.0,0.007224092918473701
2023-04-03,1673188.0,-0.005752085130859896
2023-04-04,1685722.0,0.00749108886747929
2023-04-06,1717032.0,0.018573643815528396
2023-04-07,1723491.0,0.0037617237186027275
2023-04-10,1718736.0,-0.002758935207668567
2023-04-11,1719976.0,0.0007214604220775467
2023-04-12,1733481.0,0.007851853746796422
2023-04-13,1742446.0,0.0051716747977046396
2023-04-14,1749206.0,0.003879603729469938
2023-04-17,1709626.0,-0.02262740923596196
2023-04-18,1692516.0,-0.010008036845485457
2023-04-19,1707526.0,0.008868453828501544
2023-04-20,1744256.0,0.021510653424896553
2023-04-21,1761341.0,0.009795007154913105
2023-04-24,1781276.0,0.011318080939465958
2023-04-25,1795101.0,0.0077612902211672274
2023-04-26,1792031.0,-0.0017102101775888778
2023-04-27,1806796.0,0.008239254789677242
2023-04-28,1831731.0,0.013800672571778971
2023-05-04,1842901.0,0.006098056974523036
2023-05-05,1851766.0,0.004810350637391769
2023-05-08,1805736.0,-0.0248573523868566
2023-05-09,1811071.0,0.002954473965186555
2023-05-10,1845961.0,0.01926484384102012
2023-05-11,1876721.0,0.01666340729842064
2023-05-12,1858731.0,-0.009585868117850227
2023-05-15,1864401.0,0.0030504683033747426
2023-05-16,1860501.0,-0.0020918246664746176
2023-05-17,1859821.0,-0.0003654929505547688
2023-05-18,1882491.0,0.012189345103641669
2023-05-19,1922371.0,0.021184696234935574
2023-05-22,2004021.0,0.042473591205859806
2023-05-23,1990316.0,-0.00683875069173423
2023-05-24,1998786.0,0.004255605642521143
2023-05-25,2013871.0,0.007547081078214557
2023-05-26,1968901.0,-0.022330129387632125
2023-05-29,1966536.0,-0.0012011777128458911
2023-05-30,1985681.0,0.009735392588795744
2023-05-31,1993726.0,0.004051506762667412
2023-06-01,1973566.0,-0.01011172046710529
2023-06-02,1938856.0,-0.017587453371207262
2023-06-05,1959201.0,0.01049330120442149
2023-06-06,1973951.0,0.007528579252460643
2023-06-07,2002261.0,0.014341794705136968
2023-06-08,1990166.0,-0.00604067102141026
2023-06-09,1965176.0,-0.01255674149794539
2023-06-12,1989066.0,0.012156671972383126
2023-06-13,1977981.0,-0.005572967412846075
2023-06-14,1967631.0,-0.005232608402204075
2023-06-15,1961651.0,-0.003039187733879012
2023-06-16,1940641.0,-0.010710365911163588
2023-06-19,1907981.0,-0.016829490874406994
2023-06-20,1897931.0,-0.005267348050111642
2023-06-21,1893941.0,-0.002102289282381764
2023-06-26,1895281.0,0.0007075194000234486
2023-06-27,1884491.0,-0.005693087199206914
2023-06-28,1884551.0,3.183883605695215e-05
2023-06-29,1879441.0,-0.002711521205846945
2023-06-30,1893001.0,0.00721491124222573
2023-07-03,1915561.0,0.01191758482959071
2023-07-04,1906881.0,-0.00453130962678816
2023-07-05,1909461.0,0.0013529947595052327
2023-07-06,1909321.0,-7.331911989827411e-05
2023-07-07,1909991.0,0.00035091008793175504
2023-07-10,1911721.0,0.0009057634302989115
2023-07-11,1928041.0,0.00853681054923805
2023-07-12,1943171.0,0.007847343495288817
2023-07-13,1935291.0,-0.0040552272548324275
2023-07-14,1941980.0,0.003456327756394151
2023-07-17,1900505.0,-0.02135706855889352
2023-07-18,1935620.0,0.018476668043493794
2023-07-19,1946440.0,0.005589940174207664
2023-07-20,1957645.0,0.005756663447113786
2023-07-21,1957310.0,-0.0001711239780450846
2023-07-24,1929925.0,-0.013991140902565258
2023-07-25,1968860.0,0.02017435910721921
2023-07-26,2015440.0,0.023658360675721024
2023-07-27,2028675.0,0.006566804271027626
2023-07-28,2033135.0,0.002198479302993439
2023-07-31,2022100.0,-0.005427578591682303
2023-08-01,2063690.0,0.02056772662083972
2023-08-02,2052730.0,-0.005310875179896257
2023-08-03,1989510.0,-0.030798010454370472
2023-08-04,2008340.0,0.009464642047539273
2023-08-07,2000189.0,-0.00405857573916768
2023-08-08,1956289.0,-0.021947925921000477
2023-08-09,1974929.0,0.009528244548734799
2023-08-10,1977439.0,0.001270931765142036
2023-08-11,2005564.0,0.014222941896058439
2023-08-14,1975589.0,-0.01494592044930998
2023-08-15,1979519.0,0.0019892801589804776
2023-08-16,1953349.0,-0.013220383335547647
2023-08-17,1957364.0,0.002055444265208095
2023-08-18,1964419.0,0.0036043372617458047
2023-08-21,1988334.0,0.012174083024039106
2023-08-22,1979834.0,-0.004274935699937754
2023-08-23,1982724.0,0.0014597183400224534
2023-08-24,1974864.0,-0.003964243132175693
2023-08-25,1982014.0,0.0036205024751072568
2023-08-28,1973919.0,-0.004084229475674772
2023-08-29,1966999.0,-0.00350571629332308
2023-08-30,1984049.0,0.008668026775814353
2023-08-31,1981339.0,-0.0013658936850854397
2023-09-01,2006094.0,0.012494075975893137
2023-09-04,1996564.0,-0.004750525149868401
2023-09-05,2001334.0,0.0023891044814992046
2023-09-06,2009804.0,0.004232177137849069
2023-09-07,2000064.0,-0.004846243713317322
2023-09-08,1994409.0,-0.0028274095228952856
2023-09-11,1999474.0,0.0025395994502632746
2023-09-12,2003424.0,0.0019755195616446564
2023-09-13,1989164.0,-0.00711781430191516
2023-09-14,2003424.0,0.007168840779342434
2023-09-15,2013414.0,0.004986463175044253
2023-09-18,2014869.0,0.0007226531652209101
2023-09-19,2007244.0,-0.0037843651373861142
2023-09-20,2008464.0,0.0006077985536387942
2023-09-21,1986739.0,-0.010816723625616365
2023-09-22,1998239.0,0.005788379852612824
2023-09-25,1977909.0,-0.010173958170168862
2023-09-26,1966969.0,-0.005531093695412714
2023-09-27,1969039.0,0.0010523805916615725
2023-09-28,1974709.0,0.0028795772963359223
2023-10-09,1959379.0,-0.007763169155556637
2023-10-10,1962203.0,0.0014412729747537156
2023-10-11,1968891.0,0.0034084139102834587
2023-10-12,1930991.0,-0.019249415026022287
2023-10-13,1925111.0,-0.003045068568419018
2023-10-16,1920411.0,-0.002441417663708756
2023-10-17,1915631.0,-0.0024890505209561598
2023-10-18,1906071.0,-0.004990522705051181
2023-10-19,1903381.0,-0.001411280062495024
2023-10-20,1896991.0,-0.0033571838743793325
2023-10-23,1895341.0,-0.0008697985388438356
2023-10-24,1892876.0,-0.0013005575250046864
2023-10-25,1890096.0,-0.001468664614058146
2023-10-26,1874611.0,-0.008192705555696622
2023-10-27,1860356.0,-0.007604244293882845
2023-10-30,1844746.0,-0.008390867124356882
2023-10-31,1851226.0,0.003512678710239747
2023-11-01,1854316.0,0.0016691641107029476
2023-11-02,1850966.0,-0.0018065960710040851
2023-11-03,1845516.0,-0.002944408487243977
2023-11-06,1844456.0,-0.000574365109812125
2023-11-07,1846376.0,0.0010409573337613054
2023-11-08,1845491.0,-0.0004793173221488978
2023-11-09,1846016.0,0.00028447713914614425
2023-11-10,1845566.0,-0.00024376820135907362
2023-11-13,1844361.0,-0.0006529162327437721
2023-11-14,1836596.0,-0.004210130229385656
2023-11-15,1837541.0,0.0005145388534004702
2023-11-16,1843201.0,0.0030802033804959716
2023-11-17,1836656.0,-0.003550887830464533
2023-11-20,1840136.0,0.001894747846085565
2023-11-21,1842631.0,0.0013558780437967766
2023-11-22,1849446.0,0.003698515872141428
2023-11-23,1843796.0,-0.003054968893387522
2023-11-24,1847376.0,0.0019416464728201355
2023-11-27,1861526.0,0.007659512735902263
2023-11-28,1835850.0,-0.013792984895188098
2023-11-29,1838720.0,0.0015633085491733034
2023-11-30,1836000.0,-0.0014792899408283544
2023-12-01,1879505.0,0.023695533769063193
2023-12-04,1889723.0,0.005436537811817521
2023-12-05,1918908.0,0.015444062436664074
2023-12-06,1913728.0,-0.0026994519799802275
2023-12-07,1965268.0,0.026931726974784187
2023-12-08,1914983.0,-0.02558684108223408
2023-12-11,1912168.0,-0.0014699869398318022
2023-12-12,1897183.0,-0.007836654519895792
2023-12-13,1884908.0,-0.006470119118714424
2023-12-14,1886438.0,0.0008117107041829552
2023-12-15,1874533.0,-0.00631083555356704
2023-12-18,1872113.0,-0.001290988208796584
2023-12-19,1896093.0,0.012809055863615137
2023-12-20,1883198.0,-0.006800826752696221
2023-12-21,1890468.0,0.0038604543972540206
2023-12-22,1898413.0,0.004202663044283295
2023-12-25,1888588.0,-0.0051753754320055245
2023-12-26,1887838.0,-0.0003971220827412303
2023-12-27,1894148.0,0.0033424478159671533
2023-12-28,1897888.0,0.001974502520394328
2023-12-29,1905228.0,0.0038674568783827468
2024-01-02,1911308.0,0.003191219108684029
2024-01-03,1922058.0,0.005624420553882459
2024-01-04,1911168.0,-0.005665801968514961
2024-01-05,1905158.0,-0.003144673832965017
2024-01-08,1905878.0,0.0003779214112424878
2024-01-09,1902523.0,-0.001760343526710506
2024-01-10,1902583.0,3.1537069459908196e-05
2024-01-11,1896633.0,-0.003127327428028126
2024-01-12,1902068.0,0.0028656044685502202
2024-01-15,1884788.0,-0.0090848487015186
2024-01-16,1878908.0,-0.00311971425964086
2024-01-17,1893878.0,0.007967393826626923
2024-01-18,1897173.0,0.0017398163978883385
2024-01-19,1896798.0,-0.00019766252207886748
2024-01-22,1881608.0,-0.008008232821839711
2024-01-23,1880993.0,-0.0003268481001356127
2024-01-24,1868768.0,-0.006499226738217567
2024-01-25,1868613.0,-8.294234490313634e-05
2024-01-26,1871013.0,0.0012843750953246413
2024-01-29,1868343.0,-0.0014270344460460826
2024-01-30,1870913.0,0.0013755504208809999
2024-01-31,1868458.0,-0.0013121935653875871
2024-02-01,1857713.0,-0.005750731351734983
2024-02-02,1861598.0,0.0020912810536395376
2024-02-05,1862313.0,0.0003840786249234007
2024-02-06,1860773.0,-0.000826928663441695
2024-02-07,1861673.0,0.00048366995866766516
2024-02-08,1857798.0,-0.0020814611373748404
2024-02-19,1869148.0,0.006109383259105705
2024-02-20,1867508.0,-0.0008774051064976973
2024-02-21,1850853.0,-0.008918301822535724
2024-02-22,1853933.0,0.0016640975809532055
2024-02-23,1854693.0,0.0004099393020136066
2024-02-26,1854623.0,-3.774209532247941e-05
2024-02-27,1848703.0,-0.0031920233923552477
2024-02-28,1855823.0,0.003851348756398476
2024-02-29,1847383.0,-0.004547847504853597
2024-03-01,1847223.0,-8.660900311407982e-05
2024-03-04,1838933.0,-0.004487817659264759
2024-03-05,1841433.0,0.0013594840051269763
2024-03-06,1844713.0,0.0017812214726249387
2024-03-07,1844207.0,-0.00027429741103357497
2024-03-08,1859527.0,0.008307093509568153
2024-03-11,1864447.0,0.002645834128786495
2024-03-12,1859807.0,-0.0024886735852507336
2024-03-13,1879241.0,0.010449471369878616
2024-03-14,1913521.0,0.018241407036138524
2024-03-15,1927401.0,0.007253643937014553
2024-03-18,1954131.0,0.013868416587933696
2024-03-19,1957575.0,0.0017624202266890432
2024-03-20,1982575.0,0.012770902775117277
2024-03-21,1955855.0,-0.013477422039519293
2024-03-22,1924010.0,-0.01628188183684376
2024-03-25,1938855.0,0.0077156563635323305
2024-03-26,1945060.0,0.003200342470169204
2024-03-27,1933380.0,-0.006004956145311713
2024-03-28,1938155.0,0.0024697679711178644
2024-03-29,1969925.0,0.016391877842587332
2024-04-01,1988135.0,0.009244006751526035
2024-04-02,1964480.0,-0.011898085391585544
2024-04-03,2029765.0,0.03323271298257047
2024-04-08,2021070.0,-0.004283747133288829
2024-04-09,2023400.0,0.0011528546759884684
2024-04-10,2007860.0,-0.00768014233468417
2024-04-11,2011320.0,0.0017232277150798225
2024-04-12,2028750.0,0.008665950718930837
2024-04-15,2037580.0,0.0043524337646334565
2024-04-16,2010950.0,-0.013069425494949938
2024-04-17,2010795.0,-7.707799796119463e-05
2024-04-18,2003260.0,-0.003747274088109376
2024-04-19,2032700.0,0.014696045445923067
2024-04-22,1987230.0,-0.02236926255718996
2024-04-23,1955385.0,-0.016024818465904755
2024-04-24,1982940.0,0.014091854033860374
2024-04-25,1984920.0,0.0009985173530213665
2024-04-26,2009305.0,0.012285129879289869
2024-04-29,1970625.0,-0.01925043734027443
2024-04-30,1954815.0,-0.008022835394862038
2024-05-06,1989000.0,0.017487588339561544
2024-05-07,1993745.0,0.0023856209150325824
2024-05-08,1982320.0,-0.005730421894474924
2024-05-09,1983195.0,0.00044140199362363575
2024-05-10,1995950.0,0.00643154102344945
2024-05-13,1995345.0,-0.0003031138054560012
2024-05-14,1983605.0,-0.00588369429847968
2024-05-15,1995580.0,0.006036988210858407
2024-05-16,2027315.0,0.015902644845107616
2024-05-17,2057295.0,0.014788032446857002
2024-05-20,2098455.0,0.0200068536597815
2024-05-21,2098285.0,-8.101198262533416e-05
2024-05-22,2134045.0,0.01704248946163167
2024-05-23,2055980.0,-0.03658076563521384
2024-05-24,2062900.0,0.003365791496026116
2024-05-27,2071775.0,0.0043021959377576025
2024-05-28,2078120.0,0.003062591256289826
2024-05-29,2117795.0,0.01909177525840655
2024-05-30,2076770.0,-0.019371563347727272
2024-05-31,2053175.0,-0.011361392932293879
2024-06-03,1986160.0,-0.03263969218405638
2024-06-04,2012730.0,0.013377572803802362
2024-06-05,1985940.0,-0.013310280067371227
2024-06-06,2022795.0,0.01855796247620778
2024-06-07,2032980.0,0.005035112307475442
2024-06-11,1960210.0,-0.03579474466054755
2024-06-12,1966970.0,0.003448610097897653
2024-06-13,1950680.0,-0.008281773489173694
2024-06-14,1944570.0,-0.003132241064654373
2024-06-17,1941245.0,-0.001709889589986524
2024-06-18,1941915.0,0.00034513933068724967
2024-06-19,1934615.0,-0.0037591758650610263
2024-06-20,1936515.0,0.0009821075511147193
2024-06-21,1936115.0,-0.00020655662362545346
2024-06-24,1940025.0,0.0020195081387210934
2024-06-25,1942475.0,0.001262870323835985
2024-06-26,1929665.0,-0.006594679468204245
2024-06-27,1937125.0,0.003865956007908178
2024-06-28,1928995.0,-0.004196941343485805
2024-07-01,1920065.0,-0.004629353627147781
2024-07-02,1917395.0,-0.0013905779231432325
2024-07-03,1908575.0,-0.004599991133803938
2024-07-04,1925175.0,0.008697588514991583
2024-07-05,1929515.0,0.002254340514498576
2024-07-08,1936275.0,0.003503471079520093
2024-07-09,1939875.0,0.0018592400356354233
2024-07-10,1957985.0,0.009335653070429828
2024-07-11,1943685.0,-0.007303426737181318
2024-07-12,1951885.0,0.004218790596212774
2024-07-15,1958505.0,0.003391593254725489
2024-07-16,1957535.0,-0.0004952757332761237
2024-07-17,1972215.0,0.007499227344594184
2024-07-18,1965055.0,-0.0036304358297649664
2024-07-19,1971925.0,0.0034960853513006374
2024-07-22,1998215.0,0.01333215005641697
2024-07-23,2031339.0,0.01657679478934959
2024-07-24,2030729.0,-0.00030029453478719326
2024-07-25,2074809.0,0.02170649062479524
2024-07-26,2039559.0,-0.01698951566144158
2024-07-29,2070799.0,0.015317036673123896
2024-07-30,2121939.0,0.024695781676541184
2024-07-31,2068909.0,-0.0249912933406663
2024-08-01,2060959.0,-0.0038426049671590468
2024-08-02,2041199.0,-0.009587769577172556
2024-08-05,2099067.0,0.02835000409073296
2024-08-06,2140727.0,0.01984691293798635
2024-08-07,2167442.0,0.012479405360888984
2024-08-08,2209487.0,0.01939844295718185
2024-08-09,2180767.0,-0.012998492410229212
2024-08-12,2201357.0,0.009441632233063046
2024-08-13,2240682.0,0.017863981171613696
2024-08-14,2296507.0,0.024914289488646713
2024-08-15,2287622.0,-0.003868919189011888
2024-08-16,2288412.0,0.0003453367732955126
2024-08-19,2283427.0,-0.002178366482958438
2024-08-20,2242302.0,-0.018010210092111567
2024-08-21,2186162.0,-0.025036770247718665
2024-08-22,2242562.0,0.025798637063493057
2024-08-23,2260732.0,0.008102340091377558
2024-08-26,2194862.0,-0.029136580541169854
2024-08-27,2171402.0,-0.010688599100991292
2024-08-28,2189992.0,0.008561288973667702
2024-08-29,2175432.0,-0.006648426112972117
2024-08-30,2175282.0,-6.895182198296546e-05
2024-09-02,2251092.0,0.03485065384625985
2024-09-03,2261472.0,0.004611095415025135
2024-09-04,2272372.0,0.0048198695363019795
2024-09-05,2304532.0,0.014152612336360448
2024-09-06,2300622.0,-0.0016966568483318678
2024-09-09,2317452.0,0.007315412962233703
2024-09-10,2352192.0,0.014990601747091103
2024-09-11,2311752.0,-0.017192474083748244
2024-09-12,2304456.0,-0.0031560478805685577
2024-09-13,2310216.0,0.002499505306241545
2024-09-18,2345626.0,0.015327571101576565
2024-09-19,2313990.0,-0.01348723112721295
2024-09-20,2329740.0,0.0068064252654505
2024-09-23,2342460.0,0.005459836719977407
2024-09-24,2305744.0,-0.015674120369184585
2024-09-25,2321364.0,0.006774386055000026
2024-09-26,2326214.0,0.002089288883604601
2024-09-27,2284934.0,-0.017745572849273583
2024-09-30,2275044.0,-0.0043283525913658805
2024-10-08,2213964.0,-0.026847832393571247
2024-10-09,2189074.0,-0.011242278555568253
2024-10-10,2184329.0,-0.0021675831881425855
2024-10-11,2207009.0,0.010383051271122712
2024-10-14,2211789.0,0.002165827144338772
2024-10-15,2202089.0,-0.0043855901263637476
2024-10-16,2193599.0,-0.003855430003056215
2024-10-17,2200589.0,0.0031865441222393986
2024-10-18,2205959.0,0.0024402557678875336
2024-10-21,2209229.0,0.0014823484933310649
2024-10-22,2206449.0,-0.0012583575536986302
2024-10-23,2211304.0,0.00220036810277513
2024-10-24,2212454.0,0.0005200551348887306
2024-10-25,2216874.0,0.001997781648793495
2024-10-28,2222804.0,0.002674937772737751
2024-10-29,2218924.0,-0.001745543016838158
2024-10-30,2220259.0,0.0006016429584789762
2024-10-31,2222089.0,0.0008242281643717764
2024-11-01,2216224.0,-0.00263940823252351
2024-11-04,2213999.0,-0.0010039598885310808
2024-11-05,2218939.0,0.002231256653684177
2024-11-06,2219214.0,0.00012393310496583432
2024-11-07,2223809.0,0.002070552907470935
2024-11-08,2238814.0,0.006747431996183106
2024-11-11,2232584.0,-0.002782723352632188
2024-11-12,2211604.0,-0.009397182815965688
2024-11-13,2198724.0,-0.005823827412140714
2024-11-14,2200849.0,0.0009664696433022701
2024-11-15,2205259.0,0.002003772180644736
2024-11-18,2198359.0,-0.0031288841809510304
2024-11-19,2202039.0,0.0016739759065740323
2024-11-20,2200919.0,-0.0005086195112802283
2024-11-21,2189759.0,-0.005070609140999771
2024-11-22,2191609.0,0.0008448418296260751
2024-11-25,2190259.0,-0.0006159857894360021
2024-11-26,2192539.0,0.0010409727799314261
2024-11-27,2193719.0,0.000538188830392583
2024-11-28,2191649.0,-0.0009436030776959203
2024-11-29,2201669.0,0.0045718999712089925
2024-12-02,2208189.0,0.002961389745688381
2024-12-03,2211309.0,0.0014129225351633412
2024-12-04,2205349.0,-0.0026952361700693928
2024-12-05,2206569.0,0.0005532004231529886
2024-12-06,2205619.0,-0.0004305326504632223
2024-12-09,2204779.0,-0.0003808454678708717
2024-12-10,2197039.0,-0.0035105559332704317
2024-12-11,2209229.0,0.005548376701551394
2024-12-12,2208809.0,-0.0001901115728609737
2024-12-13,2185433.0,-0.010583078935299528
2024-12-16,2167773.0,-0.008080778500187402
2024-12-17,2165801.0,-0.0009096893447791965
2024-12-18,2177091.0,0.0052128519656238215
2024-12-19,2178741.0,0.0007578920679016665
2024-12-20,2165591.0,-0.006035595786741066
2024-12-23,2169261.0,0.0016946875010102058
2024-12-24,2153481.0,-0.0072743667082937336
2024-12-25,2154381.0,0.00041792799657858204
2024-12-26,2173566.0,0.008905110098910152
2024-12-27,2174406.0,0.00038646169474487735
2024-12-30,2177136.0,0.0012555152993507512
2024-12-31,2188111.0,0.005041026375936175
2025-01-02,2167856.0,-0.009256843002937276
2025-01-03,2189226.0,0.009857665822822215
2025-01-06,2182946.0,-0.0028685937404361317
2025-01-07,2193456.0,0.004814594589146903
2025-01-08,2196586.0,0.0014269718654031927
2025-01-09,2189886.0,-0.003050187882468469
2025-01-10,2181736.0,-0.0037216549171965596
2025-01-13,2156201.0,-0.011703982516674816
2025-01-14,2128821.0,-0.012698259577840876
2025-01-15,2133681.0,0.002282953804007004
2025-01-16,2140141.0,0.003027631590664104
2025-01-17,2121731.0,-0.00860223695541551
2025-01-20,2113786.0,-0.003744584021254327
2025-01-21,2122006.0,0.0038887569507981556
2025-01-22,2111131.0,-0.005124867695944335
2025-01-23,2107261.0,-0.0018331406246225868
2025-01-24,2102456.0,-0.0022802111366365674
2025-01-27,2066171.0,-0.01725838733367069
2025-02-05,2085896.0,0.00954664449360676
2025-02-06,2075211.0,-0.005122498916532714
2025-02-07,2073246.0,-0.0009468916654740145
2025-02-10,2078581.0,0.002573259516719162
2025-02-11,2083126.0,0.0021865878693203555
2025-02-12,2085331.0,0.0010585053424516655
2025-02-13,2038886.0,-0.022272243591065388
2025-02-14,2041641.0,0.0013512280725846981
2025-02-17,2043176.0,0.000751846186474614
2025-02-18,2045346.0,0.001062071989882396
2025-02-19,2048731.0,0.0016549767129865334
2025-02-20,2052521.0,0.001849925636894234
2025-02-21,2057561.0,0.00245551689848722
2025-02-24,2049271.0,-0.004029042152334683
2025-02-25,2048826.0,-0.0002171503915294748
2025-02-26,2046241.0,-0.001261698162752678
2025-02-27,2050686.0,0.002172275895165887
2025-02-28,2047356.0,-0.0016238468492982827
2025-03-03,2049811.0,0.0011991075318606992
2025-03-04,2042776.0,-0.003432023732919731
2025-03-05,2037446.0,-0.0026091945470281264
2025-03-06,2042971.0,0.0027117283108362145
2025-03-07,2048476.0,0.0026946050629206297
2025-03-10,2067826.0,0.009446046719610024
2025-03-11,2057441.0,-0.005022182717501322
2025-03-12,2065286.0,0.003812989048045612
2025-03-13,2062921.0,-0.0011451198526499784
2025-03-14,2056171.0,-0.0032720593760012795
2025-03-17,2058335.0,0.0010524416500379274
2025-03-18,2060794.0,0.0011946549031134346
2025-03-19,2064248.0,0.0016760530164587895
2025-03-20,2052458.0,-0.005711523034054089
2025-03-21,2039053.0,-0.006531193330143625
2025-03-24,2029673.0,-0.004600174688936476
2025-03-25,2023223.0,-0.0031778518017434587
2025-03-26,2035738.0,0.006185675034338756
2025-03-27,2021148.0,-0.0071669340553647265
2025-03-28,2020473.0,-0.0003339686158558841
2025-03-31,2033843.0,0.006617262393508794
2025-04-01,2035328.0,0.0007301448538554745
2025-04-02,2026793.0,-0.004193427300169805
2025-04-03,2046948.0,0.009944281433772462
2025-04-07,2040438.0,-0.003180344591069195
2025-04-08,2010138.0,-0.014849752847182818
2025-04-09,2048683.0,0.01917530040226101
2025-04-10,1983568.0,-0.03178383380933014
2025-04-11,1987058.0,0.001759455687932121
2025-04-14,1983803.0,-0.0016381001460450406
2025-04-15,1996067.0,0.006182065457104313
2025-04-16,2011967.0,0.007965664479198331
2025-04-17,2022332.0,0.0051516749529192385
2025-04-18,2027427.0,0.0025193687287745625
2025-04-21,2014157.0,-0.006545241826216186
2025-04-22,2039847.0,0.012754715744601741
2025-04-23,1992437.0,-0.023241939223873187
2025-04-24,1998252.0,0.002918536445568831
2025-04-25,2007637.0,0.004696604832623796
2025-04-28,1996097.0,-0.0057480510670006035
2025-04-29,2027767.0,0.01586596242567362
2025-04-30,2043897.0,0.007954562826991474
2025-05-06,2066682.0,0.011147822028213739
2025-05-07,2047257.0,-0.009399123812952381
2025-05-08,2056527.0,0.004528009917660558
2025-05-09,2070937.0,0.007006958819407716
2025-05-12,2025712.0,-0.021837940989996363
2025-05-13,2035197.0,0.0046823042959709404
2025-05-14,1981422.0,-0.026422503570907363
2025-05-15,1993902.0,0.006298506829943262
2025-05-16,2020847.0,0.013513703281304634
2025-05-19,2021552.0,0.00034886362005637217
2025-05-20,2018767.0,-0.00137765439622628
2025-05-21,2017722.0,-0.0005176426997270944
2025-05-22,2023807.0,0.0030157771982464165
2025-05-23,2033852.0,0.004963417954380045
2025-05-26,2044797.0,0.005381414183529554
2025-05-27,2051267.0,0.003164128272879818
2025-05-28,2062507.0,0.005479540206126288
2025-05-29,2066482.0,0.0019272661862481666
2025-05-30,2078847.0,0.005983599179668619
2025-06-03,2093567.0,0.007080848181708399
2025-06-04,2059997.0,-0.016034834328206404
2025-06-05,2079662.0,0.009546130406985931
2025-06-06,2062357.0,-0.00832106371131458
2025-06-09,2055997.0,-0.0030838501772486593
2025-06-10,2057657.0,0.0008073941742132718
2025-06-11,2054162.0,-0.0016985338178325815
2025-06-12,2080672.0,0.012905505992224509
2025-06-13,2073897.0,-0.0032561595484535966
2025-06-16,2054012.0,-0.009588229309362983
2025-06-17,2047257.0,-0.003288685752566245
2025-06-18,2038927.0,-0.004068858965923683
2025-06-19,2029582.0,-0.00458329307523031
2025-06-20,2013317.0,-0.008013965437218107
2025-06-23,2013777.0,0.00022847867474418138
2025-06-24,2009372.0,-0.002187431875525392
2025-06-25,1998407.0,-0.005456928831495622
2025-06-26,1985047.0,-0.006685324861251951
2025-06-27,1980707.0,-0.0021863462174951387
2025-06-30,1981927.0,0.0006159416814299767
2025-07-01,1988877.0,0.0035066881878091927
2025-07-02,1981032.0,-0.003944436986299316
2025-07-03,1986211.0,0.002614293963954184
2025-07-04,1986721.0,0.0002567703028530932
2025-07-07,1978441.0,-0.004167671253286209
2025-07-08,1978301.0,-7.076278746753761e-05
2025-07-09,1978601.0,0.00015164527541555728
2025-07-10,1973201.0,-0.002729201087030675
2025-07-11,1975341.0,0.0010845321890673443
2025-07-14,1979761.0,0.0022375883455059142
2025-07-15,1968851.0,-0.00551076619854618
2025-07-16,1968751.0,-5.07910451323923e-05
2025-07-17,2001261.0,0.016513007485456477
2025-07-18,2018536.0,0.008632057487753864
2025-07-21,2068281.0,0.024644098495147038
2025-07-22,2140666.0,0.03499766230990864
2025-07-23,2113951.0,-0.01247976097158543
2025-07-24,2159454.0,0.021525096844723368
2025-07-25,2201939.0,0.019673954620010425
2025-07-28,2049029.0,-0.06944334061933599
2025-07-29,2070579.0,0.010517176672462991
2025-07-30,2043909.0,-0.012880455177030181
2025-07-31,1954154.0,-0.043913403189672295
2025-08-01,1943714.0,-0.005342465332824342
2025-08-04,1939844.0,-0.001991033660301844
2025-08-05,1964659.0,0.012792265769824729
2025-08-06,1958109.0,-0.003333911890053165
2025-08-07,1954419.0,-0.0018844711913381662
2025-08-08,1950999.0,-0.0017498806550693136
2025-08-11,1979009.0,0.014356747491925947
2025-08-12,1991309.0,0.006215231967110713
2025-08-13,1991939.0,0.00031637480672253027
2025-08-14,1974319.0,-0.008845652402006299
2025-08-15,1984694.0,0.005254976526083199
2025-08-18,1993849.0,0.004612801771960884
2025-08-19,2004989.0,0.005587183382492755
2025-08-20,1991644.0,-0.006655896865269573
2025-08-21,1986894.0,-0.002384964381184629
2025-08-22,1982489.0,-0.002217028185700909
2025-08-25,1975879.0,-0.003334192522631896
2025-08-26,1969169.0,-0.003395956938658684
2025-08-27,1970109.0,0.0004773587234006005
2025-08-28,1974084.0,0.002017654860720919
2025-08-29,1965913.0,-0.004139134910165931
2025-09-01,1971113.0,0.00264508144561848
2025-09-02,1970723.0,-0.00019785775853542464
2025-09-03,1960333.0,-0.005272176759493874
2025-09-04,1959783.0,-0.00028056457754876973
2025-09-05,1984826.0,0.012778455573907888
2025-09-08,1977186.0,-0.0038492039100657127
2025-09-09,1950336.0,-0.013579905987600505
2025-09-10,1938971.0,-0.005827201056638476
2025-09-11,1936836.0,-0.0011010995007145752
2025-09-12,1934796.0,-0.0010532641896371375
2025-09-15,1922876.0,-0.006160856234972534
2025-09-16,1925481.0,0.0013547415433965426
2025-09-17,1923736.0,-0.0009062670574261356
2025-09-18,1928086.0,0.002261225032956782
2025-09-19,1931646.0,0.0018463906692958165
2025-09-22,1944196.0,0.006497049666450261
2025-09-23,1955781.0,0.005958761359451392
2025-09-24,1939261.0,-0.008446753496429316
2025-09-25,1939891.0,0.0003248660185504182
2025-09-26,1960266.0,0.010503167446005879
2025-09-29,1992071.0,0.01622483887390791
2025-09-30,1995671.0,0.0018071645036747963
2025-10-09,2008166.0,0.0062610520471559905
2025-10-10,2030221.0,0.010982657808169316
2025-10-13,2059251.0,0.014298935928650058
2025-10-14,2076246.0,0.008253000726963444
2025-10-15,2094646.0,0.008862148319611407
2025-10-16,2099651.0,0.0023894252298479746
2025-10-17,2144236.0,0.02123448134951955
2025-10-20,2080521.0,-0.029714546346577553
2025-10-21,2062251.0,-0.008781454260735622
2025-10-22,2031511.0,-0.014906041990039087
2025-10-23,2005216.0,-0.012943567620357421
2025-10-24,2001146.0,-0.0020297065253818136
2025-10-27,1986506.0,-0.007315808041991945
2025-10-28,1969641.0,-0.008489780549366555
2025-10-29,1949916.0,-0.010014515335535767
2025-10-30,1973966.0,0.012333864638271574
2025-10-31,1978316.0,0.0022036853724938243
2025-11-03,1985966.0,0.00386692520305143
2025-11-04,1983436.0,-0.0012739392315880282
2025-11-05,1981166.0,-0.0011444785715294392
2025-11-06,1976876.0,-0.00216539149167716
2025-11-07,1977496.0,0.00031362614549412804
2025-11-10,1984816.0,0.003701650976790871
2025-11-11,1993106.0,0.004176709579124749
2025-11-12,1988566.0,-0.0022778517549995048
2025-11-13,1997936.0,0.0047119381504059366
2025-11-14,2002726.0,0.0023974741933676658
2025-11-17,1991926.0,-0.005392649818297679
2025-11-18,1984756.0,-0.003599531307889925
2025-11-19,1997235.0,0.006287422736094506
2025-11-20,2004565.0,0.0036700738771351382
2025-11-21,2002519.0,-0.0010206703199946432
2025-11-24,1980153.0,-0.011168932729227588
2025-11-25,1995838.0,0.007921105086324154
2025-11-26,1983688.0,-0.006087668438019556
2025-11-27,1981388.0,-0.0011594565274377633
2025-11-28,1975018.0,-0.0032149180271607847
2025-12-01,1985463.0,0.005288559395407955
2025-12-02,1990828.0,0.002702140508284545
2025-12-03,2009633.0,0.009445818523749816
2025-12-04,2006973.0,-0.0013236247613370722
2025-12-05,2018008.0,0.00549833007220335
2025-12-08,2004993.0,-0.006449429338238555
2025-12-09,2002028.0,-0.0014788081554399923
2025-12-10,2055398.0,0.026657968819616906
2025-12-11,2071403.0,0.007786813064915021
2025-12-12,2092158.0,0.010019778864856388
2025-12-15,2065768.0,-0.012613770088109932
2025-12-16,2055448.0,-0.004995720719848551
2025-12-17,2086858.0,0.015281340126337417
2025-12-18,2098948.0,0.005793398496687363
2025-12-19,2109628.0,0.00508826326331091
2025-12-22,2148493.0,0.018422679259092023
2025-12-23,2156468.0,0.003711904111393327
2025-12-24,2192703.0,0.016802938879686646
2025-12-25,2191733.0,-0.00044237637290600595
2025-12-26,2254098.0,0.02845465209494047
2025-12-29,2224833.0,-0.012983020259101474
2025-12-30,2231098.0,0.0028159416909043777
2025-12-31,2189393.0,-0.0186925899265743
2026-01-05,2254203.0,0.029601812009081963
2026-01-06,2348088.0,0.04164886658388789
2026-01-07,2350733.0,0.0011264484124955398
2026-01-08,2269588.0,-0.034519020237517406
2026-01-09,2294473.0,0.010964545106865176
2026-01-12,2400218.0,0.04608683562630711
2026-01-13,2400168.0,-2.0831441144064655e-05
2026-01-14,2496433.0,0.04010760913402733
2026-01-15,2464692.0,-0.012714541107251787
2026-01-16,2432507.0,-0.013058426773000398
2026-01-19,2450322.0,0.0073237199317413015
2026-01-20,2445567.0,-0.0019405612813336859
2026-01-21,2455712.0,0.004148322250014047
2026-01-22,2495427.0,0.016172499055263856
2026-01-23,2595522.0,0.04011137172115231
2026-01-26,2700217.0,0.04033678003885144
2026-01-27,2732047.0,0.011787941487665599
2026-01-28,2823447.0,0.033454768530702506
2026-01-29,2914987.0,0.03242136296519815
2026-01-30,2726547.0,-0.06464522826345365
2026-02-02,2497262.0,-0.08409354395871405
2026-02-03,2389502.0,-0.04315125925914065
2026-02-04,2418072.0,0.011956466242756925
2026-02-05,2393832.0,-0.010024515399045142
2026-02-06,2395172.0,0.0005597719472376639
2026-02-09,2401572.0,0.002672041924337787
2026-02-10,2407072.0,0.0022901666075387794
2026-02-11,2417242.0,0.004225050185453494
2026-02-12,2424322.0,0.002928957878441718
2026-02-13,2411612.0,-0.005242702908276997
2026-02-24,2452462.0,0.016938877398188446
2026-02-25,2447432.0,-0.002051000178596052
2026-02-26,2445592.0,-0.0007518084261380897
2026-02-27,2450732.0,0.0021017406010488404
2026-03-02,2487302.0,0.014922072262491426
2026-03-03,2505952.0,0.007498084269622174
2026-03-04,2542072.0,0.014413683901367547
2026-03-05,2550862.0,0.0034578092201951183
2026-03-06,2574217.0,0.009155728534119056
2026-03-09,2591897.0,0.006868107855709127
2026-03-10,2561582.0,-0.01169606662610434
2026-03-11,2617652.0,0.021888817145029993
2026-03-12,2660757.0,0.01646704756782036
2026-03-13,2663727.0,0.001116223691227658
2026-03-16,2676747.0,0.0048878882858491846
2026-03-17,2665266.0,-0.004289161433635669
2026-03-18,2631780.0,-0.012563849161772223
2026-03-19,2670419.0,0.014681698318248504
2026-03-20,2619789.0,-0.018959571512934814
2026-03-23,2746289.0,0.04828633145646455
2026-03-24,2617319.0,-0.046961554301095054
2026-03-25,2555704.0,-0.02354126493560782
2026-03-26,2626884.0,0.027851425673708796
2026-03-27,2632644.0,0.0021927119735778433
2026-03-30,2626339.0,-0.0023949307236375006
2026-03-31,2598944.0,-0.01043086973920726
2026-04-01,2511449.0,-0.033665596488419935
2026-04-02,2632014.0,0.048006151030739685
2026-04-03,2659679.0,0.010510962327707984
2026-04-07,2672479.0,0.004812610845143395
2026-04-08,2519844.0,-0.05711363868528063
2026-04-09,2559754.0,0.015838282052381025
2026-04-10,2529029.0,-0.012003106548519882
2026-04-13,2542234.0,0.005221371522430074
2026-04-14,2536614.0,-0.002210654093997677
2026-04-15,2514564.0,-0.00869269033443798
2026-04-16,2492294.0,-0.008856406120504423
2026-04-17,2483019.0,-0.003721471062402726
2026-04-20,2474364.0,-0.0034856761063850605
2026-04-21,2474179.0,-7.476668752048887e-05
2026-04-22,2475299.0,0.0004526754127329724
2026-04-23,2478739.0,0.0013897310991519696
2026-04-24,2476864.0,-0.0007564330088807303
2026-04-27,2479574.0,0.0010941254747940388
2026-04-28,2479479.0,-3.831303280321663e-05
2026-04-29,2476304.0,-0.001280510946049529
2026-04-30,2479454.0,0.0012720570656914454
2026-05-06,2483064.0,0.0014559657085793098
2026-05-07,2480544.0,-0.0010148751703540349
2026-05-08,2462114.0,-0.007429821845530649
2026-05-11,2468714.0,0.0026806232367795335
