datetime,open,high,low,close,volume,open_oi
2022-12-23,18170.00,18220.00,17060.00,17060.00,30354.00,0.00
2022-12-26,16940.00,17435.00,16825.00,17170.00,23991.00,7629.00
2022-12-27,17210.00,17410.00,17130.00,17165.00,13350.00,7922.00
2022-12-28,17100.00,17575.00,16960.00,17425.00,21736.00,8685.00
2022-12-29,17395.00,17665.00,17325.00,17515.00,12999.00,8197.00
2022-12-30,17535.00,18520.00,17535.00,17895.00,37967.00,7813.00
2023-01-03,17845.00,18040.00,17600.00,17770.00,15386.00,7708.00
2023-01-04,17700.00,18050.00,17555.00,17640.00,14744.00,7390.00
2023-01-05,17615.00,17800.00,17500.00,17585.00,10709.00,7502.00
2023-01-06,17535.00,17825.00,17530.00,17820.00,8604.00,7552.00
2023-01-09,17850.00,17920.00,17670.00,17695.00,12281.00,7712.00
2023-01-10,17705.00,17785.00,17460.00,17475.00,14945.00,12581.00
2023-01-11,17475.00,17555.00,17315.00,17350.00,20389.00,19286.00
2023-01-12,17330.00,17770.00,17270.00,17445.00,34783.00,28032.00
2023-01-13,17450.00,17690.00,17420.00,17520.00,31521.00,38561.00
2023-01-16,17480.00,17670.00,17450.00,17515.00,23451.00,52350.00
2023-01-17,17540.00,17800.00,17530.00,17615.00,37276.00,59021.00
2023-01-18,17660.00,17825.00,17620.00,17710.00,43134.00,73217.00
2023-01-19,17730.00,18375.00,17650.00,18330.00,45507.00,81677.00
2023-01-20,18380.00,18625.00,18105.00,18590.00,54931.00,89496.00
2023-01-30,18700.00,18720.00,17980.00,18075.00,32749.00,91870.00
2023-01-31,18075.00,18260.00,17820.00,17860.00,36851.00,94836.00
2023-02-01,17850.00,18060.00,17660.00,17900.00,48186.00,99965.00
2023-02-02,17790.00,18020.00,17575.00,17625.00,46937.00,103413.00
2023-02-03,17665.00,17820.00,17500.00,17745.00,61844.00,105227.00
2023-02-06,17690.00,17820.00,17625.00,17765.00,24588.00,84586.00
2023-02-07,17785.00,17850.00,17655.00,17715.00,24892.00,67793.00
2023-02-08,17740.00,18025.00,17680.00,17875.00,36280.00,57889.00
2023-02-09,17870.00,18105.00,17820.00,18020.00,23555.00,51702.00
2023-02-10,17985.00,18105.00,17775.00,17955.00,19541.00,53909.00
2023-02-13,17985.00,18080.00,17850.00,17920.00,17928.00,54190.00
2023-02-14,17940.00,18035.00,17900.00,17945.00,18859.00,53361.00
2023-02-15,18000.00,18110.00,17865.00,17885.00,25670.00,51783.00
2023-02-16,17900.00,17950.00,17585.00,17630.00,32027.00,50866.00
2023-02-17,17630.00,17750.00,17360.00,17375.00,27627.00,47060.00
2023-02-20,17305.00,17495.00,17260.00,17470.00,32048.00,47877.00
2023-02-21,17555.00,17800.00,17550.00,17675.00,34830.00,48666.00
2023-02-22,17670.00,17755.00,17505.00,17575.00,41633.00,46597.00
2023-02-23,17600.00,17700.00,17570.00,17620.00,39303.00,47406.00
2023-02-24,17635.00,17680.00,17555.00,17635.00,44344.00,46217.00
2023-02-27,17600.00,17745.00,17460.00,17480.00,42878.00,45607.00
2023-02-28,17485.00,17580.00,17420.00,17520.00,68158.00,46391.00
2023-03-01,17530.00,17595.00,17485.00,17540.00,29733.00,44252.00
2023-03-02,17560.00,17620.00,17510.00,17525.00,30400.00,45681.00
2023-03-03,17510.00,17560.00,17480.00,17490.00,53516.00,47030.00
2023-03-06,17490.00,17520.00,17290.00,17300.00,36285.00,44830.00
2023-03-07,17300.00,17410.00,17100.00,17130.00,38319.00,47066.00
2023-03-08,17230.00,17330.00,17010.00,17175.00,23780.00,50572.00
2023-03-09,17190.00,17220.00,17010.00,17075.00,38897.00,50393.00
2023-03-10,17075.00,17115.00,16865.00,16960.00,42969.00,51650.00
2023-03-13,16955.00,17040.00,16820.00,16970.00,37179.00,51827.00
2023-03-14,16940.00,17060.00,16860.00,16905.00,27612.00,52516.00
2023-03-15,16885.00,16960.00,16710.00,16740.00,28714.00,51114.00
2023-03-16,16685.00,16710.00,15950.00,15975.00,45330.00,51155.00
2023-03-17,16060.00,16310.00,16010.00,16120.00,44038.00,53627.00
2023-03-20,16170.00,16295.00,16020.00,16080.00,34958.00,54550.00
2023-03-21,16240.00,16330.00,15785.00,15870.00,45907.00,52766.00
2023-03-22,15870.00,16030.00,15745.00,15965.00,49933.00,58019.00
2023-03-23,15990.00,16070.00,15850.00,15895.00,34570.00,58933.00
2023-03-24,15920.00,15980.00,15750.00,15895.00,42570.00,58690.00
2023-03-27,15895.00,16065.00,15880.00,15915.00,34828.00,60439.00
2023-03-28,15960.00,15995.00,15865.00,15910.00,42609.00,60151.00
2023-03-29,15660.00,15890.00,15480.00,15750.00,55338.00,60224.00
2023-03-30,15710.00,15790.00,15650.00,15730.00,34111.00,61440.00
2023-03-31,15740.00,15820.00,15490.00,15515.00,54924.00,62460.00
2023-04-03,15565.00,15600.00,15310.00,15310.00,53344.00,65673.00
2023-04-04,15300.00,15310.00,14990.00,15070.00,62029.00,66447.00
2023-04-06,15050.00,15335.00,14710.00,15225.00,90203.00,68747.00
2023-04-07,15250.00,15310.00,15120.00,15225.00,56010.00,67573.00
2023-04-10,15260.00,15290.00,14865.00,14930.00,56688.00,69080.00
2023-04-11,14940.00,15050.00,14830.00,14965.00,44975.00,68942.00
2023-04-12,14980.00,15310.00,14980.00,15155.00,66574.00,68790.00
2023-04-13,15150.00,15230.00,15025.00,15065.00,47834.00,72907.00
2023-04-14,15100.00,15220.00,15015.00,15085.00,65570.00,73790.00
2023-04-17,15120.00,15400.00,15095.00,15395.00,80138.00,75421.00
2023-04-18,15445.00,15545.00,15300.00,15480.00,73674.00,73197.00
2023-04-19,15540.00,15660.00,15410.00,15440.00,69044.00,71320.00
2023-04-20,15400.00,15450.00,15150.00,15160.00,73032.00,67939.00
2023-04-21,15105.00,15225.00,15035.00,15140.00,55796.00,71782.00
2023-04-24,15065.00,15295.00,15015.00,15120.00,49468.00,69726.00
2023-04-25,15160.00,15410.00,15160.00,15400.00,53476.00,72000.00
2023-04-26,15370.00,15550.00,15300.00,15325.00,67064.00,72600.00
2023-04-27,15300.00,15475.00,15125.00,15175.00,59387.00,72262.00
2023-04-28,15145.00,15275.00,15090.00,15190.00,50403.00,66623.00
2023-05-04,15160.00,15325.00,15120.00,15190.00,42299.00,60818.00
2023-05-05,15160.00,15295.00,15010.00,15225.00,57306.00,65291.00
2023-05-08,15300.00,15360.00,15205.00,15235.00,44316.00,69038.00
2023-05-09,15225.00,15240.00,15070.00,15100.00,44109.00,70272.00
2023-05-10,15075.00,15160.00,14535.00,14565.00,110812.00,70881.00
2023-05-11,14500.00,14520.00,14320.00,14400.00,77693.00,80773.00
2023-05-12,14380.00,14450.00,14150.00,14150.00,62643.00,81343.00
2023-05-15,14180.00,14270.00,14040.00,14085.00,57217.00,82878.00
2023-05-16,14095.00,14215.00,14020.00,14050.00,53521.00,82520.00
2023-05-17,14025.00,14080.00,13815.00,13860.00,64711.00,84450.00
2023-05-18,13865.00,13920.00,13550.00,13620.00,88463.00,86748.00
2023-05-19,13505.00,13520.00,13170.00,13250.00,99229.00,87886.00
2023-05-22,13175.00,13190.00,12695.00,12880.00,112779.00,90555.00
2023-05-23,12880.00,13280.00,12880.00,13150.00,95956.00,89892.00
2023-05-24,13105.00,13275.00,13010.00,13090.00,72858.00,86235.00
2023-05-25,13025.00,13035.00,12585.00,12635.00,89371.00,85262.00
2023-05-26,12580.00,12985.00,12505.00,12860.00,102220.00,88354.00
2023-05-29,12935.00,13230.00,12760.00,12880.00,74437.00,87292.00
2023-05-30,12875.00,12945.00,12785.00,12880.00,55542.00,88566.00
2023-05-31,12770.00,12860.00,12700.00,12815.00,63175.00,88362.00
2023-06-01,12885.00,13030.00,12875.00,12975.00,68167.00,82346.00
2023-06-02,13020.00,13365.00,12970.00,13220.00,92383.00,81666.00
2023-06-05,13270.00,13295.00,12915.00,13020.00,61490.00,76895.00
2023-06-06,13020.00,13135.00,12950.00,12990.00,54538.00,77159.00
2023-06-07,13020.00,13050.00,12610.00,12705.00,68878.00,79501.00
2023-06-08,12765.00,12855.00,12565.00,12765.00,69427.00,81671.00
2023-06-09,12835.00,12880.00,12710.00,12730.00,59057.00,79206.00
2023-06-12,12685.00,12720.00,12540.00,12545.00,49428.00,78706.00
2023-06-13,12480.00,12665.00,12380.00,12535.00,79222.00,80767.00
2023-06-14,12565.00,12700.00,12420.00,12540.00,89495.00,84435.00
2023-06-15,12525.00,12630.00,12270.00,12370.00,83846.00,84603.00
2023-06-16,12455.00,12570.00,12395.00,12495.00,66755.00,87835.00
2023-06-19,12670.00,13360.00,12610.00,13240.00,199390.00,90251.00
2023-06-20,13285.00,13870.00,13220.00,13760.00,215686.00,83727.00
2023-06-21,13670.00,13740.00,13125.00,13380.00,185212.00,76870.00
2023-06-26,13145.00,13285.00,13000.00,13065.00,98203.00,75227.00
2023-06-27,13095.00,13265.00,13020.00,13120.00,76679.00,80039.00
2023-06-28,13125.00,13220.00,13070.00,13140.00,68436.00,81317.00
2023-06-29,13170.00,13540.00,13120.00,13375.00,100393.00,76554.00
2023-06-30,13415.00,13490.00,13190.00,13275.00,86355.00,74605.00
2023-07-03,13365.00,13470.00,13280.00,13380.00,39868.00,66383.00
2023-07-04,13340.00,13445.00,13105.00,13235.00,54573.00,64986.00
2023-07-05,13280.00,13300.00,13095.00,13120.00,40809.00,64630.00
2023-07-06,13145.00,13290.00,13135.00,13215.00,35465.00,66384.00
2023-07-07,13230.00,13370.00,13080.00,13220.00,50473.00,68603.00
2023-07-10,13235.00,13400.00,13210.00,13330.00,54146.00,73273.00
2023-07-11,13395.00,13560.00,13350.00,13380.00,59764.00,76760.00
2023-07-12,13395.00,14010.00,13380.00,13950.00,107954.00,79624.00
2023-07-13,13885.00,14225.00,13635.00,13650.00,167777.00,92713.00
2023-07-14,13690.00,13900.00,13560.00,13665.00,114669.00,94689.00
2023-07-17,13615.00,13650.00,13150.00,13260.00,102167.00,96061.00
2023-07-18,13320.00,13430.00,13210.00,13325.00,64196.00,89276.00
2023-07-19,13370.00,13630.00,13360.00,13495.00,86264.00,89135.00
2023-07-20,13555.00,13740.00,13520.00,13640.00,80503.00,89552.00
2023-07-21,13600.00,13610.00,13250.00,13365.00,58843.00,89754.00
2023-07-24,13390.00,13530.00,13365.00,13440.00,49047.00,89289.00
2023-07-25,13510.00,13645.00,13500.00,13555.00,50181.00,89081.00
2023-07-26,13645.00,13770.00,13590.00,13615.00,69165.00,91655.00
2023-07-27,13655.00,13795.00,13515.00,13570.00,60060.00,90914.00
2023-07-28,13545.00,13620.00,13440.00,13610.00,54704.00,90237.00
2023-07-31,13710.00,13935.00,13650.00,13725.00,69625.00,88786.00
2023-08-01,13805.00,13830.00,13650.00,13745.00,37806.00,86823.00
2023-08-02,13720.00,13950.00,13655.00,13860.00,59219.00,81563.00
2023-08-03,13670.00,13680.00,12895.00,13290.00,71156.00,75167.00
2023-08-04,13410.00,13490.00,13175.00,13330.00,42897.00,58273.00
2023-08-07,13340.00,13480.00,13210.00,13275.00,35991.00,50485.00
2023-08-08,13300.00,13330.00,13220.00,13250.00,26605.00,56815.00
2023-08-09,13240.00,13665.00,13240.00,13595.00,60103.00,56759.00
2023-08-10,13615.00,13710.00,13550.00,13625.00,40549.00,58406.00
2023-08-11,13700.00,13720.00,13455.00,13645.00,46871.00,61736.00
2023-08-14,13725.00,13885.00,13595.00,13660.00,52679.00,61966.00
2023-08-15,13660.00,13710.00,13595.00,13635.00,37510.00,65000.00
2023-08-16,13585.00,13620.00,13390.00,13460.00,45149.00,65631.00
2023-08-17,13430.00,13575.00,13350.00,13515.00,38771.00,67805.00
2023-08-18,13570.00,13665.00,13475.00,13530.00,34233.00,66654.00
2023-08-21,13515.00,13730.00,13495.00,13625.00,45305.00,66072.00
2023-08-22,13655.00,13750.00,13590.00,13695.00,49031.00,65616.00
2023-08-23,13725.00,13815.00,13655.00,13665.00,41935.00,66000.00
2023-08-24,13710.00,13840.00,13650.00,13725.00,52216.00,66486.00
2023-08-25,13770.00,13850.00,13700.00,13795.00,32852.00,69007.00
2023-08-28,13865.00,13930.00,13305.00,13420.00,74403.00,70596.00
2023-08-29,13390.00,13560.00,13375.00,13510.00,34984.00,68825.00
2023-08-30,13580.00,13590.00,13435.00,13540.00,35130.00,66763.00
2023-08-31,13565.00,13640.00,13500.00,13540.00,33549.00,66448.00
2023-09-01,13615.00,13930.00,13590.00,13805.00,54335.00,61096.00
2023-09-04,13935.00,14390.00,13680.00,13845.00,109120.00,56781.00
2023-09-05,13925.00,14085.00,13835.00,13915.00,41090.00,52666.00
2023-09-06,14000.00,14180.00,13950.00,14115.00,38086.00,48793.00
2023-09-07,14300.00,14315.00,14000.00,14125.00,58410.00,44406.00
2023-09-08,14070.00,14480.00,13930.00,14240.00,86214.00,72271.00
2023-09-11,14340.00,14600.00,14260.00,14415.00,81370.00,80587.00
2023-09-12,14570.00,14640.00,14355.00,14435.00,55371.00,84433.00
2023-09-13,14355.00,14475.00,14280.00,14390.00,45057.00,88147.00
2023-09-14,14460.00,14670.00,14400.00,14590.00,62109.00,86941.00
2023-09-15,14655.00,14915.00,14600.00,14825.00,75252.00,93551.00
2023-09-18,14825.00,15000.00,14765.00,14995.00,53249.00,94500.00
2023-09-19,15080.00,15095.00,14640.00,14710.00,78724.00,97647.00
2023-09-20,14740.00,14900.00,14595.00,14860.00,55201.00,91492.00
2023-09-21,14820.00,14845.00,14550.00,14585.00,55093.00,90412.00
2023-09-22,14585.00,14615.00,14310.00,14600.00,66599.00,87038.00
2023-09-25,14630.00,14685.00,14460.00,14530.00,51663.00,82501.00
2023-09-26,14455.00,14610.00,14425.00,14525.00,33314.00,80373.00
2023-09-27,14530.00,14585.00,14130.00,14195.00,48190.00,79616.00
2023-09-28,14240.00,14345.00,13755.00,13960.00,62134.00,74445.00
2023-10-09,13940.00,14260.00,13730.00,14155.00,34216.00,64679.00
2023-10-10,14175.00,14320.00,14035.00,14265.00,33078.00,56930.00
2023-10-11,14280.00,14360.00,14065.00,14190.00,33856.00,54322.00
2023-10-12,14230.00,14315.00,14120.00,14210.00,21589.00,51310.00
2023-10-13,14860.00,14860.00,14505.00,14615.00,34915.00,47798.00
2023-10-16,14620.00,14750.00,14400.00,14475.00,34339.00,59462.00
2023-10-17,14450.00,14635.00,14315.00,14560.00,40445.00,62194.00
2023-10-18,14595.00,14750.00,14565.00,14690.00,31573.00,63545.00
2023-10-19,14680.00,14720.00,14420.00,14495.00,33869.00,67097.00
2023-10-20,14520.00,14610.00,14400.00,14445.00,37506.00,67055.00
2023-10-23,14345.00,14610.00,14320.00,14525.00,38936.00,67702.00
2023-10-24,14525.00,14585.00,14420.00,14450.00,29012.00,71014.00
2023-10-25,14545.00,14645.00,14405.00,14440.00,49038.00,69179.00
2023-10-26,14400.00,14400.00,13990.00,14150.00,72894.00,68868.00
2023-10-27,14115.00,14140.00,13920.00,13995.00,41612.00,72215.00
2023-10-30,14020.00,14270.00,13860.00,14210.00,44468.00,69862.00
2023-10-31,14135.00,14295.00,14130.00,14260.00,42621.00,66265.00
2023-11-01,14245.00,14265.00,13940.00,13990.00,34404.00,60616.00
2023-11-02,14055.00,14180.00,14000.00,14075.00,29682.00,51807.00
2023-11-03,14130.00,14200.00,14065.00,14120.00,36612.00,62708.00
2023-11-06,14110.00,14330.00,14070.00,14255.00,50756.00,64392.00
2023-11-07,14185.00,14230.00,14100.00,14130.00,39581.00,68996.00
2023-11-08,14075.00,14260.00,13810.00,14175.00,65512.00,68346.00
2023-11-09,14125.00,14230.00,14070.00,14130.00,39743.00,67869.00
2023-11-10,14205.00,14280.00,14050.00,14090.00,46940.00,68158.00
2023-11-13,14125.00,14160.00,14015.00,14040.00,33742.00,70689.00
2023-11-14,14080.00,14160.00,14000.00,14055.00,47451.00,72465.00
2023-11-15,14140.00,14235.00,14080.00,14120.00,45918.00,72335.00
2023-11-16,14080.00,14175.00,14035.00,14175.00,30508.00,71867.00
2023-11-17,14150.00,14370.00,14120.00,14265.00,68476.00,72723.00
2023-11-20,14275.00,14450.00,14250.00,14370.00,49747.00,71070.00
2023-11-21,14425.00,14450.00,14245.00,14285.00,46505.00,72373.00
2023-11-22,14305.00,14390.00,14045.00,14185.00,57017.00,72216.00
2023-11-23,14145.00,14230.00,14085.00,14195.00,34063.00,71394.00
2023-11-24,14235.00,14280.00,14115.00,14200.00,33924.00,72441.00
2023-11-27,14215.00,14275.00,13920.00,13940.00,57863.00,71119.00
2023-11-28,13915.00,14010.00,13860.00,13975.00,37643.00,73820.00
2023-11-29,14030.00,14055.00,13935.00,13970.00,28270.00,76163.00
2023-11-30,13970.00,14045.00,13880.00,14005.00,47678.00,74035.00
2023-12-01,14000.00,14055.00,13820.00,13940.00,33674.00,68332.00
2023-12-04,13935.00,14025.00,13885.00,13930.00,22640.00,60906.00
2023-12-05,13940.00,13940.00,12975.00,13410.00,112474.00,59944.00
2023-12-06,13420.00,13730.00,13295.00,13700.00,49407.00,58632.00
2023-12-07,13730.00,13820.00,13520.00,13700.00,57039.00,47069.00
2023-12-08,13715.00,13885.00,13700.00,13875.00,43392.00,64054.00
2023-12-11,13915.00,13950.00,13725.00,13770.00,34077.00,63281.00
2023-12-12,13750.00,13855.00,13685.00,13785.00,26777.00,63821.00
2023-12-13,13805.00,13815.00,13620.00,13720.00,37234.00,61130.00
2023-12-14,13765.00,13845.00,13705.00,13750.00,23142.00,63188.00
2023-12-15,13765.00,13880.00,13745.00,13810.00,33040.00,63030.00
2023-12-18,13760.00,13915.00,13710.00,13875.00,33873.00,59704.00
2023-12-19,13900.00,14260.00,13875.00,14235.00,97824.00,61258.00
2023-12-20,14275.00,14375.00,14180.00,14280.00,83810.00,61997.00
2023-12-21,14290.00,14305.00,14120.00,14160.00,67723.00,61324.00
2023-12-22,14175.00,14340.00,14165.00,14195.00,43436.00,63342.00
2023-12-25,14230.00,14385.00,14120.00,14245.00,74368.00,64431.00
2023-12-26,14240.00,14470.00,14175.00,14235.00,92739.00,65279.00
2023-12-27,14260.00,14300.00,14185.00,14235.00,92563.00,67586.00
2023-12-28,14190.00,14310.00,14130.00,14240.00,85214.00,68648.00
2023-12-29,14300.00,14305.00,14160.00,14160.00,23642.00,63883.00
2024-01-02,14185.00,14400.00,14020.00,14365.00,32580.00,60603.00
2024-01-03,14315.00,14530.00,14205.00,14290.00,55006.00,59117.00
2024-01-04,14310.00,14400.00,14235.00,14250.00,26069.00,58038.00
2024-01-05,14210.00,14230.00,13935.00,13960.00,40377.00,55561.00
2024-01-08,13950.00,13995.00,13840.00,13900.00,29295.00,50354.00
2024-01-09,13895.00,13940.00,13730.00,13840.00,20909.00,46819.00
2024-01-10,13825.00,13930.00,13650.00,13875.00,18164.00,45082.00
2024-01-11,13925.00,13955.00,13800.00,13875.00,35216.00,38009.00
2024-01-12,13860.00,13900.00,13570.00,13610.00,59849.00,61824.00
2024-01-15,13615.00,13720.00,13600.00,13675.00,35441.00,68381.00
2024-01-16,13685.00,13710.00,13500.00,13540.00,97661.00,72910.00
2024-01-17,13560.00,13570.00,13325.00,13425.00,81825.00,75414.00
2024-01-18,13435.00,13455.00,13215.00,13270.00,77361.00,85196.00
2024-01-19,13275.00,13550.00,13250.00,13475.00,113784.00,88565.00
2024-01-22,13475.00,13535.00,13365.00,13420.00,103598.00,90324.00
2024-01-23,13435.00,13445.00,13310.00,13370.00,84185.00,95229.00
2024-01-24,13395.00,13445.00,13330.00,13385.00,46469.00,93018.00
2024-01-25,13425.00,13510.00,13395.00,13435.00,41876.00,95205.00
2024-01-26,13445.00,13455.00,13300.00,13365.00,100517.00,93721.00
2024-01-29,13350.00,13365.00,13100.00,13255.00,92063.00,94615.00
2024-01-30,13285.00,13440.00,13255.00,13310.00,54809.00,89449.00
2024-01-31,13330.00,13360.00,13160.00,13160.00,30359.00,78925.00
2024-02-01,13140.00,13290.00,13065.00,13210.00,39468.00,75215.00
2024-02-02,13210.00,13335.00,13190.00,13225.00,23861.00,64051.00
2024-02-05,13245.00,13320.00,13180.00,13250.00,15448.00,59873.00
2024-02-06,13230.00,13245.00,13100.00,13205.00,19854.00,56911.00
2024-02-07,13225.00,13550.00,13185.00,13440.00,71713.00,52574.00
2024-02-08,13460.00,13540.00,13425.00,13500.00,36578.00,60119.00
2024-02-19,13545.00,13620.00,13240.00,13340.00,47981.00,55644.00
2024-02-20,13365.00,13440.00,13305.00,13310.00,40387.00,62212.00
2024-02-21,13345.00,13490.00,13260.00,13395.00,53773.00,68129.00
2024-02-22,13385.00,13420.00,13300.00,13360.00,33935.00,75006.00
2024-02-23,13365.00,13455.00,13345.00,13425.00,77348.00,80425.00
2024-02-26,13435.00,13465.00,13220.00,13265.00,86478.00,84017.00
2024-02-27,13280.00,13400.00,13250.00,13370.00,48841.00,93558.00
2024-02-28,13350.00,13385.00,13260.00,13275.00,54886.00,90787.00
2024-02-29,13285.00,13295.00,13070.00,13160.00,71060.00,90751.00
2024-03-01,13155.00,13495.00,13125.00,13300.00,110222.00,87013.00
2024-03-04,13335.00,13480.00,13330.00,13390.00,53189.00,68926.00
2024-03-05,13400.00,13495.00,13285.00,13325.00,64681.00,64895.00
2024-03-06,13360.00,13360.00,13155.00,13235.00,37294.00,58116.00
2024-03-07,13310.00,13400.00,13250.00,13260.00,79362.00,51550.00
2024-03-08,13275.00,13350.00,13180.00,13265.00,96456.00,105088.00
2024-03-11,13235.00,13360.00,13155.00,13190.00,133245.00,110141.00
2024-03-12,13230.00,13375.00,13225.00,13280.00,166447.00,119153.00
2024-03-13,13305.00,13360.00,13210.00,13250.00,99460.00,123042.00
2024-03-14,13260.00,13320.00,13215.00,13230.00,114959.00,128089.00
2024-03-15,13230.00,13260.00,12515.00,12790.00,250470.00,132161.00
2024-03-18,12805.00,12845.00,12660.00,12705.00,121808.00,143903.00
2024-03-19,12715.00,12780.00,12610.00,12660.00,87054.00,147171.00
2024-03-20,12645.00,12790.00,12575.00,12690.00,75419.00,149176.00
2024-03-21,12730.00,12750.00,12650.00,12670.00,80404.00,148516.00
2024-03-22,12660.00,12780.00,12455.00,12505.00,148971.00,151715.00
2024-03-25,12520.00,12620.00,12360.00,12385.00,111548.00,156955.00
2024-03-26,12390.00,12440.00,12270.00,12290.00,78934.00,157364.00
2024-03-27,12315.00,12335.00,12080.00,12105.00,101659.00,159578.00
2024-03-28,12095.00,12265.00,12010.00,12065.00,147137.00,158373.00
2024-03-29,12000.00,12175.00,11930.00,11945.00,130484.00,148526.00
2024-04-01,11880.00,11965.00,11760.00,11920.00,123554.00,140763.00
2024-04-02,11955.00,12085.00,11910.00,12050.00,128811.00,126004.00
2024-04-03,12070.00,12120.00,11960.00,12010.00,67337.00,111067.00
2024-04-08,12075.00,12215.00,11945.00,12130.00,100400.00,103216.00
2024-04-09,12120.00,12315.00,12105.00,12275.00,157588.00,98905.00
2024-04-10,12300.00,12345.00,12180.00,12215.00,92898.00,110309.00
2024-04-11,12215.00,12245.00,12100.00,12135.00,100013.00,120958.00
2024-04-12,12120.00,12230.00,12050.00,12205.00,83317.00,130160.00
2024-04-15,12075.00,12270.00,11900.00,12190.00,124180.00,125121.00
2024-04-16,12160.00,12180.00,11950.00,11955.00,130315.00,130068.00
2024-04-17,11960.00,12050.00,11675.00,11705.00,219717.00,130786.00
2024-04-18,11725.00,11895.00,11625.00,11655.00,263083.00,140460.00
2024-04-19,11675.00,11720.00,11510.00,11520.00,126614.00,143561.00
2024-04-22,11540.00,11760.00,11470.00,11695.00,181200.00,143925.00
2024-04-23,11715.00,11835.00,11700.00,11710.00,105667.00,147074.00
2024-04-24,11715.00,11925.00,11710.00,11790.00,106114.00,143003.00
2024-04-25,11800.00,11875.00,11730.00,11745.00,142349.00,141361.00
2024-04-26,11750.00,11790.00,11625.00,11765.00,184712.00,135163.00
2024-04-29,11790.00,12110.00,11775.00,11965.00,234636.00,131968.00
2024-04-30,11990.00,12160.00,11875.00,11955.00,225181.00,118866.00
2024-05-06,11975.00,12115.00,11945.00,11995.00,144750.00,110706.00
2024-05-07,12010.00,12120.00,11915.00,11955.00,114066.00,108070.00
2024-05-08,11965.00,12010.00,11855.00,11860.00,96185.00,108853.00
2024-05-09,11875.00,12245.00,11810.00,12060.00,267802.00,104238.00
2024-05-10,12070.00,12125.00,11880.00,11925.00,141839.00,93571.00
2024-05-13,11920.00,12075.00,11845.00,11990.00,198150.00,87082.00
2024-05-14,12005.00,12070.00,11645.00,11740.00,142328.00,77311.00
2024-05-15,11830.00,11905.00,11740.00,11770.00,77061.00,68180.00
2024-05-16,11795.00,11815.00,11660.00,11725.00,111741.00,104241.00
2024-05-17,11740.00,11935.00,11740.00,11875.00,134243.00,108672.00
2024-05-20,11915.00,12100.00,11900.00,12055.00,131303.00,104979.00
2024-05-21,12100.00,12425.00,12080.00,12270.00,235150.00,109268.00
2024-05-22,12300.00,12450.00,12235.00,12340.00,190962.00,115718.00
2024-05-23,12290.00,12315.00,12150.00,12220.00,142311.00,119142.00
2024-05-24,12235.00,12920.00,12180.00,12775.00,356275.00,118945.00
2024-05-27,12865.00,12985.00,12575.00,12710.00,296435.00,127956.00
2024-05-28,12780.00,12995.00,12455.00,12465.00,239649.00,125841.00
2024-05-29,12495.00,12550.00,12245.00,12340.00,218186.00,114738.00
2024-05-30,12710.00,13325.00,12650.00,13075.00,662140.00,116272.00
2024-05-31,13075.00,13245.00,12755.00,12835.00,401075.00,193205.00
2024-06-03,12680.00,12840.00,12225.00,12365.00,472140.00,196122.00
2024-06-04,12400.00,12625.00,12350.00,12520.00,256053.00,191667.00
2024-06-05,12485.00,12545.00,12370.00,12400.00,178793.00,189108.00
2024-06-06,12430.00,12610.00,12395.00,12465.00,189857.00,196415.00
2024-06-07,12565.00,12720.00,12185.00,12305.00,353542.00,196697.00
2024-06-11,12340.00,12355.00,12020.00,12120.00,265180.00,196889.00
2024-06-12,12155.00,12240.00,12045.00,12180.00,272707.00,197563.00
2024-06-13,12140.00,12195.00,11850.00,12160.00,220445.00,203114.00
2024-06-14,12155.00,12315.00,12090.00,12175.00,213713.00,201499.00
2024-06-17,12180.00,12240.00,12055.00,12155.00,150254.00,206145.00
2024-06-18,12220.00,12250.00,11865.00,11935.00,329518.00,206074.00
2024-06-19,12005.00,12100.00,11850.00,12020.00,342527.00,205838.00
2024-06-20,12055.00,12150.00,12010.00,12055.00,284180.00,201772.00
2024-06-21,12105.00,12140.00,11935.00,11965.00,150570.00,199188.00
2024-06-24,11930.00,11960.00,11280.00,11400.00,377377.00,204750.00
2024-06-25,11440.00,11440.00,11135.00,11305.00,293985.00,228400.00
2024-06-26,11280.00,11485.00,11240.00,11470.00,252857.00,228141.00
2024-06-27,11470.00,11520.00,11360.00,11415.00,129023.00,222056.00
2024-06-28,11365.00,11460.00,11275.00,11420.00,176666.00,224684.00
2024-07-01,11405.00,11535.00,11320.00,11455.00,147353.00,224284.00
2024-07-02,11470.00,11525.00,11430.00,11465.00,179731.00,223782.00
2024-07-03,11450.00,11510.00,11335.00,11490.00,172119.00,227134.00
2024-07-04,11530.00,11655.00,11360.00,11380.00,238269.00,225298.00
2024-07-05,11335.00,11430.00,11215.00,11260.00,196327.00,230007.00
2024-07-08,11270.00,11310.00,11160.00,11245.00,225881.00,237429.00
2024-07-09,11250.00,11315.00,11055.00,11310.00,295992.00,240301.00
2024-07-10,11290.00,11295.00,11095.00,11110.00,153139.00,229752.00
2024-07-11,11130.00,11170.00,10865.00,10905.00,251401.00,236506.00
2024-07-12,10940.00,10965.00,10755.00,10765.00,178263.00,254471.00
2024-07-15,10770.00,10785.00,10445.00,10505.00,230124.00,253932.00
2024-07-16,10510.00,10650.00,10425.00,10595.00,259325.00,255699.00
2024-07-17,10635.00,10765.00,10475.00,10705.00,285603.00,245765.00
2024-07-18,10665.00,10675.00,10515.00,10570.00,158847.00,230668.00
2024-07-19,10505.00,10700.00,10495.00,10575.00,158428.00,229202.00
2024-07-22,10550.00,10580.00,10265.00,10275.00,226973.00,225626.00
2024-07-23,10245.00,10410.00,10195.00,10320.00,233651.00,240278.00
2024-07-24,10340.00,10410.00,10215.00,10235.00,340808.00,223836.00
2024-07-25,10150.00,10315.00,10070.00,10245.00,213973.00,217103.00
2024-07-26,10295.00,10500.00,10265.00,10405.00,348083.00,213017.00
2024-07-29,10430.00,10450.00,10220.00,10380.00,230823.00,203334.00
2024-07-30,10365.00,10385.00,10120.00,10125.00,170263.00,202295.00
2024-07-31,10170.00,10445.00,10150.00,10440.00,253779.00,196589.00
2024-08-01,10500.00,10570.00,10325.00,10390.00,275940.00,182823.00
2024-08-02,10335.00,10450.00,10230.00,10410.00,142477.00,159826.00
2024-08-05,10335.00,10495.00,10265.00,10405.00,161510.00,148141.00
2024-08-06,10420.00,10500.00,10215.00,10225.00,142714.00,139498.00
2024-08-07,10265.00,10330.00,10185.00,10195.00,162432.00,137685.00
2024-08-08,10195.00,10225.00,9870.00,9885.00,135357.00,134490.00
2024-08-09,10045.00,10130.00,9855.00,9860.00,190876.00,126770.00
2024-08-12,9820.00,9860.00,9610.00,9630.00,197804.00,160227.00
2024-08-13,9645.00,9800.00,9620.00,9690.00,271106.00,169335.00
2024-08-14,9650.00,9820.00,9285.00,9340.00,352421.00,168208.00
2024-08-15,9350.00,9490.00,9260.00,9450.00,269515.00,173369.00
2024-08-16,9565.00,9675.00,9500.00,9600.00,348879.00,166056.00
2024-08-19,9630.00,9640.00,9435.00,9470.00,213275.00,171811.00
2024-08-20,9485.00,9710.00,9440.00,9680.00,239753.00,178984.00
2024-08-21,9705.00,9935.00,9615.00,9850.00,358554.00,183200.00
2024-08-22,9830.00,9865.00,9665.00,9730.00,330399.00,181089.00
2024-08-23,9725.00,9725.00,9530.00,9595.00,188368.00,182967.00
2024-08-26,9670.00,9795.00,9385.00,9500.00,314087.00,175640.00
2024-08-27,9515.00,9860.00,9510.00,9845.00,326828.00,190501.00
2024-08-28,9890.00,9930.00,9735.00,9815.00,425069.00,189032.00
2024-08-29,9810.00,10170.00,9750.00,10130.00,512466.00,200609.00
2024-08-30,10105.00,10180.00,10005.00,10125.00,384931.00,213154.00
2024-09-02,10035.00,10040.00,9560.00,9615.00,362747.00,205401.00
2024-09-03,9615.00,9800.00,9545.00,9735.00,246919.00,202727.00
2024-09-04,9640.00,9955.00,9585.00,9760.00,503998.00,203236.00
2024-09-05,9805.00,9905.00,9490.00,9510.00,446977.00,207923.00
2024-09-06,9565.00,9645.00,9410.00,9630.00,373742.00,208401.00
2024-09-09,9525.00,9775.00,9470.00,9760.00,343733.00,203700.00
2024-09-10,9750.00,9820.00,9575.00,9595.00,271074.00,204501.00
2024-09-11,9570.00,9920.00,9560.00,9860.00,569695.00,206831.00
2024-09-12,9880.00,9895.00,9650.00,9735.00,413710.00,210254.00
2024-09-13,9795.00,9895.00,9610.00,9635.00,332152.00,207031.00
2024-09-18,9705.00,9720.00,9520.00,9665.00,286570.00,212869.00
2024-09-19,9705.00,9800.00,9425.00,9680.00,398464.00,205990.00
2024-09-20,9715.00,9755.00,9350.00,9360.00,363411.00,208419.00
2024-09-23,9295.00,9490.00,9200.00,9440.00,343380.00,240779.00
2024-09-24,9465.00,9610.00,9350.00,9575.00,263628.00,220427.00
2024-09-25,9665.00,9990.00,9565.00,9580.00,359292.00,205612.00
2024-09-26,9650.00,9700.00,9545.00,9645.00,236194.00,194682.00
2024-09-27,9785.00,9800.00,9615.00,9740.00,266262.00,190358.00
2024-09-30,9955.00,10030.00,9760.00,9890.00,277606.00,174665.00
2024-10-08,10055.00,10305.00,9655.00,9660.00,347643.00,169097.00
2024-10-09,9655.00,9825.00,9565.00,9575.00,215109.00,166382.00
2024-10-10,9650.00,9730.00,9530.00,9540.00,221800.00,163305.00
2024-10-11,9650.00,9695.00,9540.00,9650.00,189923.00,161042.00
2024-10-14,9700.00,9785.00,9580.00,9610.00,223101.00,148594.00
2024-10-15,9620.00,9720.00,9585.00,9625.00,163477.00,145208.00
2024-10-16,9610.00,9730.00,9600.00,9720.00,150854.00,138410.00
2024-10-17,12850.00,12995.00,12540.00,12680.00,251807.00,129314.00
2024-10-18,12700.00,12715.00,12390.00,12465.00,214972.00,129342.00
2024-10-21,12460.00,12590.00,12410.00,12490.00,137640.00,141860.00
2024-10-22,12440.00,12805.00,12240.00,12730.00,262146.00,140031.00
2024-10-23,12730.00,13220.00,12670.00,13005.00,417846.00,146732.00
2024-10-24,13010.00,13035.00,12765.00,12865.00,230101.00,166800.00
2024-10-25,12895.00,13210.00,12815.00,13155.00,313449.00,163583.00
2024-10-28,13130.00,13280.00,13010.00,13150.00,280771.00,174981.00
2024-10-29,13160.00,13185.00,12715.00,12800.00,257362.00,173377.00
2024-10-30,12850.00,12990.00,12815.00,12915.00,165691.00,159728.00
2024-10-31,12990.00,13210.00,12825.00,13130.00,213743.00,150589.00
2024-11-01,13095.00,13310.00,12870.00,12905.00,297179.00,152978.00
2024-11-04,12840.00,12970.00,12800.00,12910.00,114884.00,129770.00
2024-11-05,12930.00,12975.00,12690.00,12715.00,165620.00,119273.00
2024-11-06,12710.00,12795.00,12540.00,12555.00,177735.00,106399.00
2024-11-07,12550.00,12650.00,12480.00,12565.00,178707.00,104913.00
2024-11-08,12610.00,12690.00,12420.00,12465.00,148485.00,96243.00
2024-11-11,12445.00,12525.00,12310.00,12425.00,119426.00,93723.00
2024-11-12,12380.00,12555.00,12375.00,12435.00,157546.00,86916.00
2024-11-13,12425.00,12590.00,12400.00,12485.00,172504.00,153409.00
2024-11-14,12485.00,12650.00,12380.00,12400.00,208236.00,161594.00
2024-11-15,12370.00,12445.00,12250.00,12400.00,192106.00,161518.00
2024-11-18,12345.00,12450.00,12220.00,12380.00,164412.00,163755.00
2024-11-19,12415.00,12430.00,12190.00,12310.00,205096.00,161728.00
2024-11-20,12315.00,12450.00,12250.00,12420.00,208029.00,171649.00
2024-11-21,12465.00,12500.00,12320.00,12430.00,177164.00,165710.00
2024-11-22,12410.00,12475.00,12265.00,12270.00,227593.00,168617.00
2024-11-25,12305.00,12340.00,12200.00,12200.00,117920.00,174086.00
2024-11-26,12155.00,12195.00,11690.00,11870.00,410460.00,185475.00
2024-11-27,12060.00,12290.00,12025.00,12205.00,343336.00,217926.00
2024-11-28,12190.00,12200.00,11835.00,11915.00,268325.00,178426.00
2024-11-29,11955.00,12470.00,11890.00,12405.00,363408.00,186283.00
2024-12-02,12580.00,12600.00,12245.00,12305.00,346887.00,164457.00
2024-12-03,12255.00,12380.00,12235.00,12270.00,129988.00,124725.00
2024-12-04,12240.00,12240.00,11855.00,11930.00,275906.00,119751.00
2024-12-05,11940.00,12050.00,11870.00,11890.00,173304.00,129113.00
2024-12-06,11855.00,11955.00,11820.00,11860.00,140535.00,126858.00
2024-12-09,11855.00,11885.00,11635.00,11760.00,209444.00,129997.00
2024-12-10,11915.00,11990.00,11625.00,11700.00,199295.00,117106.00
2024-12-11,11695.00,11845.00,11685.00,11785.00,134642.00,121231.00
2024-12-12,11775.00,11805.00,11715.00,11760.00,121219.00,102467.00
2024-12-13,11715.00,11755.00,11555.00,11585.00,149366.00,98362.00
2024-12-16,11630.00,11695.00,11530.00,11665.00,154594.00,91929.00
2024-12-17,11660.00,11665.00,11510.00,11575.00,170402.00,125346.00
2024-12-18,11550.00,11585.00,11445.00,11485.00,149410.00,142144.00
2024-12-19,11460.00,11495.00,11305.00,11315.00,116198.00,145744.00
2024-12-20,11300.00,11340.00,11235.00,11295.00,96598.00,153412.00
2024-12-23,11290.00,11390.00,11260.00,11365.00,92122.00,160256.00
2024-12-24,11345.00,11485.00,11295.00,11465.00,115998.00,157673.00
2024-12-25,11485.00,11660.00,11390.00,11585.00,137980.00,151560.00
2024-12-26,11600.00,11625.00,11180.00,11190.00,258313.00,153423.00
2024-12-27,11175.00,11250.00,11105.00,11110.00,151973.00,175861.00
2024-12-30,11120.00,11285.00,11090.00,11180.00,123082.00,173471.00
2024-12-31,11185.00,11200.00,10930.00,10985.00,168791.00,156000.00
2025-01-02,10995.00,11130.00,10980.00,11050.00,128281.00,148474.00
2025-01-03,11030.00,11075.00,10725.00,10780.00,144663.00,115469.00
2025-01-06,10805.00,10955.00,10735.00,10780.00,147245.00,115916.00
2025-01-07,10770.00,10780.00,10555.00,10580.00,160900.00,113355.00
2025-01-08,10590.00,10635.00,10505.00,10530.00,145924.00,114596.00
2025-01-09,10510.00,10615.00,10410.00,10510.00,133844.00,116397.00
2025-01-10,10540.00,10580.00,10330.00,10520.00,181669.00,103088.00
2025-01-13,10590.00,10680.00,10500.00,10665.00,166674.00,98825.00
2025-01-14,10670.00,10785.00,10630.00,10715.00,143979.00,79958.00
2025-01-15,10695.00,10825.00,10570.00,10725.00,148852.00,103242.00
2025-01-16,10780.00,10810.00,10580.00,10685.00,158291.00,117554.00
2025-01-17,10685.00,10970.00,10680.00,10885.00,236872.00,131095.00
2025-01-20,10900.00,10940.00,10735.00,10780.00,178051.00,123817.00
2025-01-21,10770.00,10840.00,10530.00,10570.00,232508.00,130701.00
2025-01-22,10580.00,10795.00,10550.00,10765.00,164132.00,144018.00
2025-01-23,10785.00,10845.00,10700.00,10755.00,199669.00,132069.00
2025-01-24,10725.00,10750.00,10525.00,10590.00,221911.00,130976.00
2025-01-27,10600.00,11040.00,10560.00,10925.00,158908.00,107341.00
2025-02-05,10885.00,10900.00,10595.00,10710.00,128068.00,85384.00
2025-02-06,10765.00,10940.00,10740.00,10915.00,147643.00,80793.00
2025-02-07,10890.00,11040.00,10840.00,10930.00,187255.00,157754.00
2025-02-10,10935.00,10990.00,10760.00,10855.00,187642.00,162723.00
2025-02-11,10845.00,10885.00,10720.00,10790.00,163947.00,165541.00
2025-02-12,10805.00,10870.00,10765.00,10815.00,104622.00,171302.00
2025-02-13,10815.00,10900.00,10700.00,10740.00,181832.00,170468.00
2025-02-14,10735.00,10845.00,10565.00,10725.00,221919.00,176857.00
2025-02-17,10730.00,10745.00,10580.00,10610.00,185264.00,173092.00
2025-02-18,10635.00,10675.00,10530.00,10565.00,110551.00,194090.00
2025-02-19,10565.00,10710.00,10565.00,10665.00,143499.00,206254.00
2025-02-20,10670.00,10680.00,10560.00,10580.00,182827.00,193756.00
2025-02-21,10585.00,10650.00,10500.00,10515.00,183267.00,206762.00
2025-02-24,10485.00,10550.00,10360.00,10490.00,234065.00,222455.00
2025-02-25,10485.00,10520.00,10400.00,10415.00,143222.00,226425.00
2025-02-26,10420.00,10440.00,10320.00,10335.00,158084.00,230554.00
2025-02-27,10310.00,10380.00,10280.00,10330.00,126107.00,244143.00
2025-02-28,10330.00,10395.00,10320.00,10355.00,90090.00,246132.00
2025-03-03,10360.00,10500.00,10350.00,10405.00,127832.00,245954.00
2025-03-04,10415.00,10430.00,10325.00,10340.00,111757.00,242649.00
2025-03-05,10320.00,10345.00,10170.00,10190.00,139206.00,253183.00
2025-03-06,10175.00,10250.00,10135.00,10175.00,114041.00,268247.00
2025-03-07,10200.00,10245.00,10110.00,10120.00,139349.00,273281.00
2025-03-10,10120.00,10160.00,10020.00,10020.00,195963.00,269160.00
2025-03-11,10020.00,10065.00,9975.00,9985.00,207552.00,269943.00
2025-03-12,9990.00,9990.00,9780.00,9880.00,182687.00,266602.00
2025-03-13,9890.00,9970.00,9855.00,9945.00,114340.00,269393.00
2025-03-14,9950.00,10035.00,9915.00,9955.00,119307.00,262765.00
2025-03-17,9935.00,10025.00,9880.00,9965.00,102870.00,256498.00
2025-03-18,9965.00,9985.00,9905.00,9930.00,82864.00,260013.00
2025-03-19,9915.00,9930.00,9740.00,9785.00,147249.00,253394.00
2025-03-20,9780.00,9825.00,9725.00,9740.00,114970.00,256679.00
2025-03-21,9735.00,9875.00,9625.00,9770.00,215271.00,252584.00
2025-03-24,9750.00,9855.00,9680.00,9855.00,120627.00,249259.00
2025-03-25,9850.00,10000.00,9810.00,9950.00,180530.00,246417.00
2025-03-26,9895.00,9910.00,9770.00,9780.00,153177.00,241839.00
2025-03-27,9780.00,9930.00,9750.00,9920.00,183443.00,242681.00
2025-03-28,9935.00,9980.00,9845.00,9855.00,161076.00,237403.00
2025-03-31,9870.00,9895.00,9775.00,9785.00,122687.00,229301.00
2025-04-01,9795.00,9840.00,9705.00,9790.00,115906.00,220162.00
2025-04-02,9800.00,9870.00,9725.00,9760.00,125699.00,210044.00
2025-04-03,9720.00,9885.00,9660.00,9820.00,136700.00,192480.00
2025-04-07,9630.00,9680.00,9505.00,9550.00,191373.00,179598.00
2025-04-08,9600.00,9660.00,9505.00,9550.00,182005.00,170189.00
2025-04-09,9510.00,9550.00,9375.00,9510.00,158592.00,163749.00
2025-04-10,9585.00,9635.00,9520.00,9555.00,156791.00,148493.00
2025-04-11,9535.00,9550.00,9445.00,9455.00,110698.00,142858.00
2025-04-14,9520.00,9545.00,9305.00,9310.00,146031.00,141515.00
2025-04-15,9290.00,9310.00,9165.00,9170.00,154847.00,147229.00
2025-04-16,9170.00,9200.00,9015.00,9020.00,176817.00,146422.00
2025-04-17,9040.00,9115.00,8970.00,9015.00,219840.00,133777.00
2025-04-18,8965.00,9025.00,8710.00,8720.00,263139.00,122833.00
2025-04-21,8765.00,8935.00,8690.00,8860.00,184075.00,104354.00
2025-04-22,8835.00,8910.00,8710.00,8800.00,131557.00,80129.00
2025-04-23,8880.00,8955.00,8835.00,8930.00,171745.00,60997.00
2025-04-24,8895.00,8915.00,8810.00,8875.00,147286.00,182521.00
2025-04-25,8915.00,8940.00,8755.00,8780.00,188442.00,182653.00
2025-04-28,8780.00,8850.00,8650.00,8800.00,177294.00,193102.00
2025-04-29,8790.00,8795.00,8535.00,8540.00,199942.00,188093.00
2025-04-30,8550.00,8630.00,8485.00,8540.00,186792.00,195153.00
2025-05-06,8515.00,8530.00,8280.00,8325.00,269472.00,166535.00
2025-05-07,8420.00,8510.00,8230.00,8290.00,243010.00,179536.00
2025-05-08,8240.00,8385.00,8115.00,8315.00,396858.00,182782.00
2025-05-09,8300.00,8435.00,8200.00,8205.00,345726.00,181111.00
2025-05-12,8275.00,8365.00,8175.00,8320.00,249065.00,170178.00
2025-05-13,8320.00,8385.00,8135.00,8230.00,330600.00,171625.00
2025-05-14,8300.00,8540.00,8240.00,8490.00,382636.00,162299.00
2025-05-15,8450.00,8525.00,8370.00,8410.00,209778.00,146525.00
2025-05-16,8375.00,8395.00,8095.00,8100.00,242929.00,124014.00
2025-05-19,8160.00,8200.00,8075.00,8130.00,209508.00,101970.00
2025-05-20,8105.00,8130.00,7920.00,7940.00,199473.00,155038.00
2025-05-21,7965.00,7990.00,7830.00,7865.00,235779.00,173527.00
2025-05-22,7850.00,7960.00,7840.00,7880.00,208397.00,192802.00
2025-05-23,7875.00,7960.00,7795.00,7915.00,284155.00,183690.00
2025-05-26,7920.00,7950.00,7605.00,7610.00,276011.00,178384.00
2025-05-27,7610.00,7625.00,7440.00,7440.00,360878.00,206212.00
2025-05-28,7455.00,7465.00,7240.00,7340.00,624841.00,227207.00
2025-05-29,7320.00,7385.00,7200.00,7215.00,539683.00,226069.00
2025-05-30,7195.00,7240.00,7130.00,7160.00,456239.00,224146.00
2025-06-03,7135.00,7155.00,7035.00,7070.00,385555.00,208497.00
2025-06-04,7150.00,7330.00,6990.00,7280.00,806934.00,200193.00
2025-06-05,7185.00,7205.00,7095.00,7135.00,417845.00,180328.00
2025-06-06,7260.00,7395.00,7215.00,7290.00,666383.00,183965.00
2025-06-09,7245.00,7475.00,7220.00,7475.00,539994.00,161192.00
2025-06-10,7405.00,7470.00,7295.00,7415.00,440221.00,177663.00
2025-06-11,7390.00,7610.00,7330.00,7560.00,499957.00,155627.00
2025-06-12,7510.00,7540.00,7425.00,7455.00,309628.00,147036.00
2025-06-13,7400.00,7475.00,7305.00,7345.00,370370.00,121504.00
2025-06-16,7280.00,7375.00,7185.00,7370.00,507279.00,103689.00
2025-06-17,7360.00,7405.00,7300.00,7360.00,437907.00,323363.00
2025-06-18,7385.00,7515.00,7380.00,7425.00,451986.00,318893.00
2025-06-19,7395.00,7490.00,7380.00,7470.00,429083.00,317763.00
2025-06-20,7470.00,7560.00,7325.00,7390.00,578494.00,310357.00
2025-06-23,7380.00,7450.00,7360.00,7420.00,292932.00,305556.00
2025-06-24,7375.00,7550.00,7315.00,7485.00,612486.00,303119.00
2025-06-25,7470.00,7580.00,7450.00,7555.00,504119.00,293427.00
2025-06-26,7610.00,7830.00,7575.00,7720.00,1087621.00,306644.00
2025-06-27,7780.00,8050.00,7735.00,8030.00,772679.00,321342.00
2025-06-30,8075.00,8280.00,8005.00,8060.00,1377330.00,351592.00
2025-07-01,8005.00,8040.00,7705.00,7765.00,1230307.00,355751.00
2025-07-02,7815.00,8285.00,7790.00,8210.00,1643648.00,361076.00
2025-07-03,8200.00,8205.00,7935.00,8010.00,1196542.00,386361.00
2025-07-04,8075.00,8155.00,7885.00,7980.00,870120.00,380840.00
2025-07-07,7965.00,8060.00,7910.00,8045.00,616743.00,390642.00
2025-07-08,8070.00,8435.00,7920.00,8215.00,1707280.00,384707.00
2025-07-09,8195.00,8275.00,8065.00,8140.00,1153446.00,387122.00
2025-07-10,8235.00,8500.00,8195.00,8470.00,1468586.00,399029.00
2025-07-11,8480.00,8535.00,8315.00,8415.00,953544.00,381237.00
2025-07-14,8440.00,8740.00,8350.00,8695.00,1473993.00,367810.00
2025-07-15,8650.00,8880.00,8620.00,8785.00,1416898.00,402890.00
2025-07-16,8745.00,8770.00,8585.00,8685.00,1111567.00,396653.00
2025-07-17,8800.00,8860.00,8645.00,8745.00,1033119.00,379848.00
2025-07-18,8845.00,9070.00,8615.00,8695.00,1704999.00,381048.00
2025-07-21,8950.00,9320.00,8845.00,9260.00,1260930.00,387252.00
2025-07-22,9355.00,9655.00,9285.00,9655.00,1234403.00,383296.00
2025-07-23,9825.00,10060.00,9315.00,9525.00,1681997.00,380961.00
2025-07-24,9570.00,9980.00,9355.00,9690.00,1172879.00,334776.00
2025-07-25,9730.00,9830.00,9510.00,9725.00,680618.00,336274.00
2025-07-28,9060.00,9470.00,8915.00,8915.00,683714.00,323314.00
2025-07-29,8920.00,9380.00,8775.00,9350.00,654844.00,279068.00
2025-07-30,9550.00,9600.00,9070.00,9285.00,605161.00,276734.00
2025-07-31,9050.00,9090.00,8630.00,8760.00,410371.00,242677.00
2025-08-01,8835.00,8860.00,8490.00,8500.00,225177.00,212932.00
2025-08-04,8475.00,8490.00,8225.00,8360.00,187014.00,194340.00
2025-08-05,8325.00,8635.00,8270.00,8490.00,311623.00,176164.00
2025-08-06,8425.00,8830.00,8365.00,8700.00,465083.00,181168.00
2025-08-07,8680.00,8750.00,8505.00,8655.00,396110.00,208736.00
2025-08-08,8625.00,8730.00,8445.00,8710.00,430472.00,224390.00
2025-08-11,8805.00,9025.00,8760.00,9000.00,662196.00,238685.00
2025-08-12,9060.00,9085.00,8780.00,8840.00,520504.00,271943.00
2025-08-13,8800.00,8900.00,8560.00,8600.00,510280.00,278860.00
2025-08-14,8620.00,8810.00,8595.00,8675.00,512076.00,284500.00
2025-08-15,8675.00,8825.00,8490.00,8805.00,543117.00,279035.00
2025-08-18,8830.00,8895.00,8585.00,8605.00,511250.00,276272.00
2025-08-19,8610.00,8730.00,8525.00,8625.00,438313.00,297619.00
2025-08-20,8475.00,8510.00,8180.00,8390.00,561795.00,286605.00
2025-08-21,8420.00,8790.00,8400.00,8635.00,659075.00,279868.00
2025-08-22,8675.00,8825.00,8510.00,8745.00,620638.00,283578.00
2025-08-25,8920.00,8940.00,8655.00,8675.00,475611.00,279381.00
2025-08-26,8655.00,8785.00,8505.00,8515.00,450290.00,289125.00
2025-08-27,8535.00,8615.00,8460.00,8525.00,376195.00,281839.00
2025-08-28,8520.00,8595.00,8420.00,8570.00,293193.00,275558.00
2025-08-29,8530.00,8550.00,8345.00,8390.00,338974.00,273754.00
2025-09-01,8355.00,8530.00,8270.00,8495.00,359856.00,292415.00
2025-09-02,8475.00,8590.00,8440.00,8470.00,345613.00,285449.00
2025-09-03,8530.00,8620.00,8425.00,8490.00,275841.00,281480.00
2025-09-04,8420.00,8670.00,8385.00,8515.00,371805.00,279742.00
2025-09-05,8545.00,8920.00,8500.00,8820.00,563286.00,277305.00
2025-09-08,8750.00,8750.00,8440.00,8530.00,470695.00,286545.00
2025-09-09,8540.00,8620.00,8385.00,8410.00,389876.00,289571.00
2025-09-10,8275.00,8730.00,8215.00,8665.00,622948.00,286040.00
2025-09-11,8730.00,8780.00,8630.00,8740.00,347619.00,278065.00
2025-09-12,8705.00,8795.00,8650.00,8745.00,303843.00,287771.00
2025-09-15,8755.00,9045.00,8650.00,8800.00,498210.00,277988.00
2025-09-16,9015.00,9130.00,8855.00,8915.00,389575.00,290948.00
2025-09-17,8870.00,9000.00,8835.00,8965.00,275990.00,287184.00
2025-09-18,8925.00,9095.00,8880.00,8905.00,475698.00,285673.00
2025-09-19,8915.00,9310.00,8820.00,9305.00,510306.00,285052.00
2025-09-22,9290.00,9325.00,8940.00,8950.00,586687.00,311097.00
2025-09-23,8920.00,9050.00,8855.00,8925.00,418680.00,285490.00
2025-09-24,8940.00,9085.00,8865.00,9020.00,353767.00,273696.00
2025-09-25,9035.00,9125.00,8935.00,9055.00,318137.00,270931.00
2025-09-26,9005.00,9130.00,8905.00,8960.00,315381.00,259965.00
2025-09-29,8850.00,8850.00,8570.00,8610.00,392702.00,241212.00
2025-09-30,8620.00,8740.00,8615.00,8640.00,228120.00,206977.00
2025-10-09,8645.00,8770.00,8565.00,8640.00,210531.00,174398.00
2025-10-10,8690.00,8830.00,8650.00,8685.00,225514.00,176563.00
2025-10-13,8575.00,8865.00,8540.00,8805.00,241553.00,167035.00
2025-10-14,8750.00,8770.00,8455.00,8520.00,287277.00,165722.00
2025-10-15,8500.00,8690.00,8485.00,8570.00,225068.00,162674.00
2025-10-16,8565.00,8655.00,8490.00,8605.00,209588.00,142381.00
2025-10-17,8590.00,8600.00,8415.00,8430.00,198830.00,131649.00
2025-10-20,8510.00,8665.00,8465.00,8565.00,190332.00,131793.00
2025-10-21,8550.00,8575.00,8400.00,8505.00,188642.00,114236.00
2025-10-22,8535.00,8555.00,8450.00,8485.00,105522.00,107518.00
2025-10-23,8505.00,8725.00,8500.00,8705.00,172346.00,96554.00
2025-10-24,9045.00,9060.00,8915.00,8920.00,187264.00,76195.00
2025-10-27,8960.00,9045.00,8930.00,8965.00,198198.00,186339.00
2025-10-28,8970.00,9120.00,8955.00,8955.00,261087.00,201518.00
2025-10-29,9000.00,9195.00,8980.00,9170.00,289712.00,211670.00
2025-10-30,9155.00,9295.00,9120.00,9155.00,320991.00,220662.00
2025-10-31,9170.00,9270.00,9050.00,9100.00,283386.00,227764.00
2025-11-03,9120.00,9165.00,8990.00,9140.00,226808.00,228565.00
2025-11-04,9120.00,9175.00,8860.00,8885.00,379786.00,228268.00
2025-11-05,8880.00,9085.00,8835.00,9020.00,276196.00,242153.00
2025-11-06,9055.00,9120.00,8995.00,9065.00,228497.00,232849.00
2025-11-07,9030.00,9280.00,9010.00,9220.00,367816.00,236855.00
2025-11-10,9230.00,9325.00,9130.00,9290.00,365749.00,268301.00
2025-11-11,9275.00,9325.00,9130.00,9180.00,326774.00,281503.00
2025-11-12,9170.00,9220.00,9100.00,9195.00,260536.00,270959.00
2025-11-13,9160.00,9265.00,9120.00,9145.00,292479.00,262136.00
2025-11-14,9130.00,9140.00,8995.00,9020.00,293210.00,267758.00
2025-11-17,9040.00,9125.00,8975.00,9080.00,271811.00,251302.00
2025-11-18,9035.00,9050.00,8890.00,8980.00,304628.00,251549.00
2025-11-19,8970.00,9545.00,8930.00,9390.00,755732.00,248019.00
2025-11-20,9365.00,9385.00,9025.00,9075.00,574345.00,306669.00
2025-11-21,9040.00,9145.00,8950.00,8960.00,329676.00,273978.00
2025-11-24,8940.00,9005.00,8835.00,8940.00,214012.00,261004.00
2025-11-25,8955.00,9050.00,8940.00,8960.00,248188.00,262676.00
2025-11-26,8955.00,9090.00,8900.00,9020.00,369225.00,263919.00
2025-11-27,9015.00,9225.00,9000.00,9115.00,323524.00,260529.00
2025-11-28,9100.00,9215.00,9075.00,9130.00,197891.00,237648.00
2025-12-01,9120.00,9240.00,9115.00,9145.00,216787.00,211799.00
2025-12-02,9125.00,9180.00,8965.00,8975.00,228995.00,203274.00
2025-12-03,8950.00,9020.00,8910.00,8920.00,145999.00,187342.00
2025-12-04,8925.00,8950.00,8860.00,8910.00,152172.00,193926.00
2025-12-05,8910.00,8950.00,8770.00,8805.00,170669.00,193019.00
2025-12-08,8740.00,8760.00,8540.00,8675.00,251796.00,196943.00
2025-12-09,8615.00,8640.00,8275.00,8340.00,323510.00,187087.00
2025-12-10,8325.00,8360.00,8210.00,8250.00,252510.00,185271.00
2025-12-11,8295.00,8375.00,8245.00,8285.00,203929.00,171757.00
2025-12-12,8350.00,8510.00,8250.00,8435.00,228177.00,147074.00
2025-12-15,8505.00,8535.00,8345.00,8350.00,303910.00,110824.00
2025-12-16,8325.00,8405.00,8270.00,8365.00,219672.00,200749.00
2025-12-17,8370.00,8630.00,8335.00,8470.00,346284.00,202263.00
2025-12-18,8555.00,8720.00,8495.00,8645.00,348477.00,210810.00
2025-12-19,8625.00,8710.00,8550.00,8690.00,315326.00,207780.00
2025-12-22,8695.00,8775.00,8565.00,8595.00,306942.00,209873.00
2025-12-23,8600.00,8810.00,8595.00,8780.00,351425.00,221606.00
2025-12-24,8795.00,8900.00,8720.00,8860.00,322150.00,213776.00
2025-12-25,8815.00,8865.00,8690.00,8835.00,268435.00,218190.00
2025-12-26,8835.00,8940.00,8555.00,8880.00,534570.00,216554.00
2025-12-29,8850.00,8965.00,8685.00,8715.00,382415.00,224742.00
2025-12-30,8710.00,8975.00,8690.00,8915.00,366201.00,221065.00
2025-12-31,8930.00,8940.00,8790.00,8860.00,225225.00,216220.00
2026-01-05,8845.00,8855.00,8720.00,8730.00,271132.00,203994.00
2026-01-06,8730.00,9050.00,8705.00,8900.00,460467.00,217292.00
2026-01-07,9065.00,9100.00,8795.00,8980.00,477386.00,234611.00
2026-01-08,8920.00,9070.00,8465.00,8535.00,666115.00,244734.00
2026-01-09,8540.00,8815.00,8500.00,8715.00,445575.00,260531.00
2026-01-12,8855.00,8875.00,8720.00,8755.00,269300.00,239704.00
2026-01-13,8725.00,8810.00,8620.00,8635.00,270076.00,238877.00
2026-01-14,8660.00,8775.00,8585.00,8755.00,245936.00,242469.00
2026-01-15,8770.00,8790.00,8610.00,8730.00,235842.00,235089.00
2026-01-16,8690.00,8830.00,8580.00,8605.00,281253.00,230720.00
2026-01-19,8645.00,8945.00,8605.00,8845.00,391114.00,238869.00
2026-01-20,8830.00,8860.00,8620.00,8745.00,338306.00,235167.00
2026-01-21,8710.00,8810.00,8645.00,8780.00,280575.00,224552.00
2026-01-22,8765.00,8875.00,8700.00,8825.00,230130.00,223687.00
2026-01-23,8855.00,8940.00,8765.00,8820.00,229964.00,228488.00
2026-01-26,8870.00,9000.00,8845.00,8915.00,340041.00,231434.00
2026-01-27,8885.00,8970.00,8805.00,8860.00,217792.00,252307.00
2026-01-28,8865.00,8915.00,8710.00,8760.00,243714.00,242625.00
2026-01-29,8785.00,8980.00,8760.00,8925.00,300232.00,235683.00
2026-01-30,8915.00,9070.00,8740.00,8850.00,557616.00,236653.00
2026-02-02,8865.00,9010.00,8750.00,8795.00,466725.00,236627.00
2026-02-03,8840.00,8920.00,8800.00,8815.00,256241.00,236313.00
2026-02-04,8850.00,8895.00,8800.00,8850.00,208226.00,234800.00
2026-02-05,8850.00,8880.00,8600.00,8605.00,315564.00,241016.00
2026-02-06,8570.00,8635.00,8415.00,8500.00,335419.00,266982.00
2026-02-09,8530.00,8565.00,8450.00,8450.00,200100.00,277011.00
2026-02-10,8440.00,8470.00,8350.00,8375.00,188888.00,294910.00
2026-02-11,8415.00,8420.00,8335.00,8370.00,160470.00,303387.00
2026-02-12,8375.00,8420.00,8315.00,8335.00,173124.00,307764.00
2026-02-13,8315.00,8460.00,8255.00,8395.00,208055.00,307112.00
2026-02-24,8455.00,8475.00,8340.00,8410.00,134782.00,285893.00
2026-02-25,8390.00,8495.00,8375.00,8430.00,154307.00,293851.00
2026-02-26,8460.00,8490.00,8330.00,8335.00,177274.00,313959.00
2026-02-27,8325.00,8405.00,8200.00,8395.00,266281.00,325323.00
2026-03-02,8415.00,8440.00,8225.00,8325.00,202748.00,328416.00
2026-03-03,8310.00,8345.00,8105.00,8205.00,285487.00,334292.00
2026-03-04,8220.00,8540.00,8170.00,8515.00,402191.00,348330.00
2026-03-05,8525.00,8630.00,8490.00,8565.00,274255.00,310668.00
2026-03-06,8560.00,8700.00,8515.00,8690.00,223150.00,287789.00
2026-03-09,8825.00,8920.00,8640.00,8670.00,405785.00,273926.00
2026-03-10,8585.00,8680.00,8530.00,8625.00,182506.00,251171.00
2026-03-11,8600.00,8660.00,8550.00,8620.00,122488.00,243954.00
2026-03-12,8680.00,8765.00,8615.00,8645.00,168721.00,248864.00
2026-03-13,8670.00,8750.00,8655.00,8675.00,130997.00,245323.00
2026-03-16,8690.00,8750.00,8675.00,8685.00,104089.00,238285.00
2026-03-17,8655.00,8665.00,8555.00,8560.00,126193.00,236662.00
2026-03-18,8560.00,8605.00,8345.00,8375.00,206369.00,240719.00
2026-03-19,8415.00,8420.00,8235.00,8285.00,172736.00,246958.00
2026-03-20,8290.00,8550.00,8255.00,8455.00,244979.00,253549.00
2026-03-23,8555.00,8680.00,8520.00,8575.00,221416.00,245239.00
2026-03-24,8600.00,8665.00,8580.00,8605.00,146108.00,230888.00
2026-03-25,8570.00,8785.00,8555.00,8770.00,217959.00,221201.00
2026-03-26,8775.00,8790.00,8685.00,8735.00,140735.00,232078.00
2026-03-27,8710.00,8780.00,8580.00,8625.00,165844.00,229643.00
2026-03-30,8620.00,8625.00,8405.00,8480.00,183055.00,223220.00
2026-03-31,8485.00,8485.00,8335.00,8355.00,172049.00,220617.00
2026-04-01,8360.00,8455.00,8300.00,8325.00,155609.00,201800.00
2026-04-02,8340.00,8380.00,8275.00,8300.00,110923.00,189808.00
2026-04-03,8315.00,8335.00,8255.00,8285.00,92049.00,186533.00
2026-04-07,8280.00,8370.00,8200.00,8260.00,145287.00,185578.00
2026-04-08,8275.00,8325.00,8210.00,8280.00,151056.00,189118.00
2026-04-09,8295.00,8335.00,8245.00,8260.00,109022.00,192580.00
2026-04-10,8265.00,8300.00,8125.00,8250.00,195667.00,181315.00
2026-04-13,8275.00,8505.00,8180.00,8415.00,325984.00,173408.00
2026-04-14,8365.00,8440.00,8270.00,8320.00,185849.00,146342.00
2026-04-15,8340.00,8455.00,8330.00,8420.00,137012.00,133877.00
2026-04-16,8410.00,8530.00,8410.00,8480.00,97923.00,111224.00
2026-04-17,8575.00,8645.00,8540.00,8630.00,95594.00,90237.00
2026-04-20,8645.00,8750.00,8610.00,8690.00,244834.00,180971.00
2026-04-21,8695.00,8720.00,8605.00,8655.00,170627.00,216765.00
2026-04-22,8650.00,8730.00,8625.00,8675.00,141386.00,219024.00
2026-04-23,8685.00,8745.00,8550.00,8655.00,221018.00,223998.00
2026-04-24,8660.00,8700.00,8515.00,8615.00,310928.00,229523.00
2026-04-27,8615.00,8660.00,8585.00,8635.00,129793.00,227920.00
2026-04-28,8630.00,8700.00,8540.00,8680.00,201561.00,233156.00
2026-04-29,8675.00,8930.00,8650.00,8775.00,553650.00,238214.00
2026-04-30,8760.00,8800.00,8670.00,8795.00,239421.00,289197.00
2026-05-06,8790.00,8955.00,8755.00,8925.00,299890.00,273493.00
2026-05-07,8910.00,9180.00,8895.00,9080.00,591326.00,311663.00
2026-05-08,9110.00,9220.00,8930.00,9020.00,489558.00,366001.00
