date,total_equity,cash,unrealized_pnl,daily_return,cumulative_return,position_lots
2021-03-19,1000000.0,1000000.0,0.0,,0.0,0
2021-03-22,1000000.0,1000000.0,0.0,0.0,0.0,0
2021-03-23,1000000.0,1000000.0,0.0,0.0,0.0,0
2021-03-24,1000000.0,1000000.0,0.0,0.0,0.0,0
2021-03-25,1000000.0,1000000.0,0.0,0.0,0.0,0
2021-03-26,1000000.0,1000000.0,0.0,0.0,0.0,0
2021-03-29,1000000.0,1000000.0,0.0,0.0,0.0,0
2021-03-30,1000000.0,1000000.0,0.0,0.0,0.0,0
2021-03-31,1000000.0,1000000.0,0.0,0.0,0.0,0
2021-04-01,1000000.0,1000000.0,0.0,0.0,0.0,0
2021-04-02,1000000.0,1000000.0,0.0,0.0,0.0,0
2021-04-06,1000000.0,1000000.0,0.0,0.0,0.0,0
2021-04-07,1000000.0,1000000.0,0.0,0.0,0.0,0
2021-04-08,1000000.0,1000000.0,0.0,0.0,0.0,0
2021-04-09,1000000.0,1000000.0,0.0,0.0,0.0,0
2021-04-12,1000000.0,1000000.0,0.0,0.0,0.0,0
2021-04-13,1000000.0,1000000.0,0.0,0.0,0.0,0
2021-04-14,1000000.0,1000000.0,0.0,0.0,0.0,0
2021-04-15,1000000.0,1000000.0,0.0,0.0,0.0,0
2021-04-16,1000000.0,1000000.0,0.0,0.0,0.0,0
2021-04-19,1000000.0,1000000.0,0.0,0.0,0.0,0
2021-04-20,1000000.0,1000000.0,0.0,0.0,0.0,0
2021-04-21,1000000.0,1000000.0,0.0,0.0,0.0,0
2021-04-22,1000000.0,1000000.0,0.0,0.0,0.0,0
2021-04-23,1000000.0,1000000.0,0.0,0.0,0.0,0
2021-04-26,1000000.0,1000000.0,0.0,0.0,0.0,0
2021-04-27,1000000.0,1000000.0,0.0,0.0,0.0,0
2021-04-28,1000000.0,1000000.0,0.0,0.0,0.0,0
2021-04-29,1000000.0,1000000.0,0.0,0.0,0.0,0
2021-04-30,1000000.0,1000000.0,0.0,0.0,0.0,0
2021-05-06,1000000.0,1000000.0,0.0,0.0,0.0,0
2021-05-07,1000000.0,1000000.0,0.0,0.0,0.0,0
2021-05-10,1000000.0,1000000.0,0.0,0.0,0.0,0
2021-05-11,1000144.0,1000000.0,144.0,0.00014399999999992197,0.00014399999999992197,1
2021-05-12,995264.0,1000000.0,-4736.0,-0.0048792973811770946,-0.0047359999999999625,1
2021-05-13,999024.0,1000000.0,-976.0,0.0037778920969713248,-0.0009759999999999769,1
2021-05-14,999824.0,1000000.0,-176.0,0.000800781562805275,-0.00017599999999995397,1
2021-05-17,1000304.0,1000000.0,304.0,0.0004800844948711358,0.000304000000000082,1
2021-05-18,1005984.0,1000000.0,5984.0,0.0056782738047633785,0.005983999999999989,1
2021-05-19,1037808.0,1000000.0,37808.0,0.0316346979673634,0.037808000000000064,2
2021-05-20,1034672.0,1000000.0,34672.0,-0.003021753542081007,0.034672000000000036,3
2021-05-21,1019072.0,1000000.0,19072.0,-0.015077241869887237,0.019071999999999978,3
2021-05-24,1016672.0,1000000.0,16672.0,-0.0023550838409847064,0.01667200000000002,3
2021-05-25,1018832.0,1000000.0,18832.0,0.0021245790186019686,0.01883199999999996,3
2021-05-26,1056032.0,1000000.0,56032.0,0.03651239851123633,0.05603200000000008,3
2021-05-27,1088432.0,1000000.0,88432.0,0.030680888457925493,0.08843200000000007,3
2021-05-28,1086512.0,1000000.0,86512.0,-0.0017640054684169293,0.08651199999999992,3
2021-05-31,1098032.0,1000000.0,98032.0,0.010602736094953435,0.0980319999999999,3
2021-06-01,1108592.0,1000000.0,108592.0,0.00961720605592542,0.10859200000000002,3
2021-06-02,1132592.0,1000000.0,132592.0,0.021649082800525354,0.13259200000000004,3
2021-06-03,1175072.0,1000000.0,175072.0,0.03750688685775638,0.1750719999999999,3
2021-06-04,1212032.0,1000000.0,212032.0,0.031453391792162444,0.212032,3
2021-06-07,1204592.0,1000000.0,204592.0,-0.006138451790051791,0.2045920000000001,3
2021-06-08,1216832.0,1000000.0,216832.0,0.010161116793071745,0.2168319999999999,3
2021-06-09,1195472.0,1000000.0,195472.0,-0.017553778993320335,0.1954720000000001,3
2021-06-10,1208912.0,1000000.0,208912.0,0.011242421403429015,0.208912,3
2021-06-11,1215632.0,1000000.0,215632.0,0.0055587172598170476,0.21563200000000005,3
2021-06-15,1262912.0,1000000.0,262912.0,0.03889334930307853,0.26291200000000003,3
2021-06-16,1255232.0,1000000.0,255232.0,-0.006081183803780421,0.2552319999999999,3
2021-06-17,1279472.0,1000000.0,279472.0,0.01931117116198444,0.27947199999999994,3
2021-06-18,1320992.0,1000000.0,320992.0,0.03245088599047108,0.32099199999999994,3
2021-06-21,1362512.0,1000000.0,362512.0,0.03143092463845343,0.36251199999999995,3
2021-06-22,1347872.0,1000000.0,347872.0,-0.010744859494815406,0.34787199999999996,3
2021-06-23,1294112.0,1000000.0,294112.0,-0.039885092946511214,0.29411199999999993,3
2021-06-24,1309472.0,1000000.0,309472.0,0.011869142701713686,0.30947199999999997,3
2021-06-25,1257392.0,1000000.0,257392.0,-0.039771755333447345,0.25739200000000007,3
2021-06-28,1257392.0,1000000.0,257392.0,0.0,0.25739200000000007,3
2021-06-29,1242272.0,1000000.0,242272.0,-0.012024889612785805,0.24227200000000004,3
2021-06-30,1245152.0,1245152.0,0.0,0.0023183328610802967,0.24515200000000004,0
2021-07-01,1245152.0,1245152.0,0.0,0.0,0.24515200000000004,0
2021-07-02,1245152.0,1245152.0,0.0,0.0,0.24515200000000004,0
2021-07-05,1245152.0,1245152.0,0.0,0.0,0.24515200000000004,0
2021-07-06,1245152.0,1245152.0,0.0,0.0,0.24515200000000004,0
2021-07-07,1245152.0,1245152.0,0.0,0.0,0.24515200000000004,0
2021-07-08,1245152.0,1245152.0,0.0,0.0,0.24515200000000004,0
2021-07-09,1245152.0,1245152.0,0.0,0.0,0.24515200000000004,0
2021-07-12,1245152.0,1245152.0,0.0,0.0,0.24515200000000004,0
2021-07-13,1245152.0,1245152.0,0.0,0.0,0.24515200000000004,0
2021-07-14,1245152.0,1245152.0,0.0,0.0,0.24515200000000004,0
2021-07-15,1245152.0,1245152.0,0.0,0.0,0.24515200000000004,0
2021-07-16,1245152.0,1245152.0,0.0,0.0,0.24515200000000004,0
2021-07-19,1245152.0,1245152.0,0.0,0.0,0.24515200000000004,0
2021-07-20,1245152.0,1245152.0,0.0,0.0,0.24515200000000004,0
2021-07-21,1245152.0,1245152.0,0.0,0.0,0.24515200000000004,0
2021-07-22,1245152.0,1245152.0,0.0,0.0,0.24515200000000004,0
2021-07-23,1245152.0,1245152.0,0.0,0.0,0.24515200000000004,0
2021-07-26,1245152.0,1245152.0,0.0,0.0,0.24515200000000004,0
2021-07-27,1245152.0,1245152.0,0.0,0.0,0.24515200000000004,0
2021-07-28,1245152.0,1245152.0,0.0,0.0,0.24515200000000004,0
2021-07-29,1245152.0,1245152.0,0.0,0.0,0.24515200000000004,0
2021-07-30,1245152.0,1245152.0,0.0,0.0,0.24515200000000004,0
2021-08-02,1245152.0,1245152.0,0.0,0.0,0.24515200000000004,0
2021-08-03,1245152.0,1245152.0,0.0,0.0,0.24515200000000004,0
2021-08-04,1245152.0,1245152.0,0.0,0.0,0.24515200000000004,0
2021-08-05,1245136.0,1245152.0,-16.0,-1.2849836807049542e-05,0.24513600000000002,1
2021-08-06,1242736.0,1245152.0,-2416.0,-0.0019275002891250281,0.24273600000000006,1
2021-08-09,1245696.0,1245152.0,544.0,0.002381841356490888,0.24569599999999991,1
2021-08-10,1251136.0,1245152.0,5984.0,0.004367036580353423,0.251136,1
2021-08-11,1248480.0,1245152.0,3328.0,-0.002122870735075999,0.24848000000000003,2
2021-08-12,1249440.0,1245152.0,4288.0,0.0007689350249904248,0.2494400000000001,2
2021-08-13,1260160.0,1245152.0,15008.0,0.008579843770008866,0.26015999999999995,2
2021-08-16,1288304.0,1245152.0,43152.0,0.02233367191467761,0.2883039999999999,3
2021-08-17,1292384.0,1245152.0,47232.0,0.0031669543834373926,0.292384,3
2021-08-18,1296224.0,1245152.0,51072.0,0.0029712531260059905,0.29622400000000004,3
2021-08-19,1307744.0,1245152.0,62592.0,0.008887352803219173,0.307744,3
2021-08-20,1287824.0,1245152.0,42672.0,-0.015232339051068133,0.2878240000000001,3
2021-08-23,1301984.0,1301984.0,0.0,0.010995291282038577,0.30198400000000003,0
2021-08-24,1301984.0,1301984.0,0.0,0.0,0.30198400000000003,0
2021-08-25,1301984.0,1301984.0,0.0,0.0,0.30198400000000003,0
2021-08-26,1301984.0,1301984.0,0.0,0.0,0.30198400000000003,0
2021-08-27,1301984.0,1301984.0,0.0,0.0,0.30198400000000003,0
2021-08-30,1301984.0,1301984.0,0.0,0.0,0.30198400000000003,0
2021-08-31,1301984.0,1301984.0,0.0,0.0,0.30198400000000003,0
2021-09-01,1301984.0,1301984.0,0.0,0.0,0.30198400000000003,0
2021-09-02,1301984.0,1301984.0,0.0,0.0,0.30198400000000003,0
2021-09-03,1301984.0,1301984.0,0.0,0.0,0.30198400000000003,0
2021-09-06,1301984.0,1301984.0,0.0,0.0,0.30198400000000003,0
2021-09-07,1301984.0,1301984.0,0.0,0.0,0.30198400000000003,0
2021-09-08,1301984.0,1301984.0,0.0,0.0,0.30198400000000003,0
2021-09-09,1309808.0,1301984.0,7824.0,0.006009290436748804,0.3098080000000001,1
2021-09-10,1305712.0,1301984.0,3728.0,-0.003127175891428413,0.305712,2
2021-09-13,1321552.0,1301984.0,19568.0,0.01213131226487918,0.32155200000000006,2
2021-09-14,1331696.0,1301984.0,29712.0,0.007675823577127483,0.331696,3
2021-09-15,1344896.0,1301984.0,42912.0,0.009912172147396925,0.3448960000000001,3
2021-09-16,1322336.0,1301984.0,20352.0,-0.01677453126487105,0.32233599999999996,3
2021-09-17,1341776.0,1301984.0,39792.0,0.01470125595915106,0.3417760000000001,3
2021-09-22,1365296.0,1301984.0,63312.0,0.01752900633190646,0.36529600000000007,3
2021-09-23,1369376.0,1301984.0,67392.0,0.0029883629630498287,0.3693759999999999,3
2021-09-24,1366016.0,1301984.0,64032.0,-0.002453672329586598,0.3660159999999999,3
2021-09-27,1332896.0,1301984.0,30912.0,-0.024245689655172376,0.3328960000000001,3
2021-09-28,1354016.0,1301984.0,52032.0,0.0158451972246898,0.3540160000000001,3
2021-09-29,1356416.0,1301984.0,54432.0,0.0017725049039303276,0.35641600000000007,3
2021-09-30,1355936.0,1301984.0,53952.0,-0.00035387373785034093,0.35593600000000003,3
2021-10-08,1339376.0,1301984.0,37392.0,-0.012212965803695797,0.3393759999999999,3
2021-10-11,1288496.0,1301984.0,-13488.0,-0.0379878391131393,0.2884960000000001,3
2021-10-12,1277216.0,1277216.0,0.0,-0.008754392718332116,0.2772159999999999,0
2021-10-13,1277216.0,1277216.0,0.0,0.0,0.2772159999999999,0
2021-10-14,1277216.0,1277216.0,0.0,0.0,0.2772159999999999,0
2021-10-15,1277216.0,1277216.0,0.0,0.0,0.2772159999999999,0
2021-10-18,1277216.0,1277216.0,0.0,0.0,0.2772159999999999,0
2021-10-19,1277216.0,1277216.0,0.0,0.0,0.2772159999999999,0
2021-10-20,1277216.0,1277216.0,0.0,0.0,0.2772159999999999,0
2021-10-21,1277216.0,1277216.0,0.0,0.0,0.2772159999999999,0
2021-10-22,1277216.0,1277216.0,0.0,0.0,0.2772159999999999,0
2021-10-25,1277216.0,1277216.0,0.0,0.0,0.2772159999999999,0
2021-10-26,1277216.0,1277216.0,0.0,0.0,0.2772159999999999,0
2021-10-27,1277216.0,1277216.0,0.0,0.0,0.2772159999999999,0
2021-10-28,1277216.0,1277216.0,0.0,0.0,0.2772159999999999,0
2021-10-29,1277216.0,1277216.0,0.0,0.0,0.2772159999999999,0
2021-11-01,1277216.0,1277216.0,0.0,0.0,0.2772159999999999,0
2021-11-02,1277216.0,1277216.0,0.0,0.0,0.2772159999999999,0
2021-11-03,1277216.0,1277216.0,0.0,0.0,0.2772159999999999,0
2021-11-04,1277216.0,1277216.0,0.0,0.0,0.2772159999999999,0
2021-11-05,1277216.0,1277216.0,0.0,0.0,0.2772159999999999,0
2021-11-08,1277216.0,1277216.0,0.0,0.0,0.2772159999999999,0
2021-11-09,1277216.0,1277216.0,0.0,0.0,0.2772159999999999,0
2021-11-10,1277216.0,1277216.0,0.0,0.0,0.2772159999999999,0
2021-11-11,1277216.0,1277216.0,0.0,0.0,0.2772159999999999,0
2021-11-12,1277216.0,1277216.0,0.0,0.0,0.2772159999999999,0
2021-11-15,1277216.0,1277216.0,0.0,0.0,0.2772159999999999,0
2021-11-16,1277216.0,1277216.0,0.0,0.0,0.2772159999999999,0
2021-11-17,1277216.0,1277216.0,0.0,0.0,0.2772159999999999,0
2021-11-18,1277216.0,1277216.0,0.0,0.0,0.2772159999999999,0
2021-11-19,1277216.0,1277216.0,0.0,0.0,0.2772159999999999,0
2021-11-22,1277216.0,1277216.0,0.0,0.0,0.2772159999999999,0
2021-11-23,1277216.0,1277216.0,0.0,0.0,0.2772159999999999,0
2021-11-24,1277216.0,1277216.0,0.0,0.0,0.2772159999999999,0
2021-11-25,1277216.0,1277216.0,0.0,0.0,0.2772159999999999,0
2021-11-26,1277216.0,1277216.0,0.0,0.0,0.2772159999999999,0
2021-11-29,1277216.0,1277216.0,0.0,0.0,0.2772159999999999,0
2021-11-30,1277216.0,1277216.0,0.0,0.0,0.2772159999999999,0
2021-12-01,1277216.0,1277216.0,0.0,0.0,0.2772159999999999,0
2021-12-02,1277216.0,1277216.0,0.0,0.0,0.2772159999999999,0
2021-12-03,1277216.0,1277216.0,0.0,0.0,0.2772159999999999,0
2021-12-06,1277216.0,1277216.0,0.0,0.0,0.2772159999999999,0
2021-12-07,1277216.0,1277216.0,0.0,0.0,0.2772159999999999,0
2021-12-08,1277216.0,1277216.0,0.0,0.0,0.2772159999999999,0
2021-12-09,1275680.0,1277216.0,-1536.0,-0.0012026156891238315,0.2756799999999999,1
2021-12-10,1274160.0,1277216.0,-3056.0,-0.0011915213846732664,0.27415999999999996,1
2021-12-13,1281520.0,1277216.0,4304.0,0.005776354617944346,0.28152,1
2021-12-14,1285904.0,1277216.0,8688.0,0.003420937636556598,0.28590399999999994,2
2021-12-15,1284608.0,1277216.0,7392.0,-0.0010078512859436062,0.28460799999999997,3
2021-12-16,1282208.0,1277216.0,4992.0,-0.0018682742128337537,0.282208,3
2021-12-17,1289888.0,1277216.0,12672.0,0.005989667823005362,0.2898879999999999,3
2021-12-20,1296848.0,1277216.0,19632.0,0.005395817311270479,0.296848,3
2021-12-21,1288448.0,1277216.0,11232.0,-0.006477243285257783,0.28844800000000004,3
2021-12-22,1295408.0,1277216.0,18192.0,0.005401847804490378,0.2954079999999999,3
2021-12-23,1275008.0,1277216.0,-2208.0,-0.015747934241567174,0.2750079999999999,3
2021-12-24,1271168.0,1277216.0,-6048.0,-0.0030117458086537097,0.2711680000000001,3
2021-12-27,1275488.0,1277216.0,-1728.0,0.0033984493001710803,0.27548799999999996,3
2021-12-28,1269968.0,1277216.0,-7248.0,-0.004327755337564909,0.269968,3
2021-12-29,1273328.0,1277216.0,-3888.0,0.0026457359555516202,0.273328,3
2021-12-30,1277648.0,1277216.0,432.0,0.0033926843672644758,0.2776479999999999,3
2021-12-31,1277408.0,1277216.0,192.0,-0.0001878451654916402,0.2774080000000001,3
2022-01-04,1291088.0,1277216.0,13872.0,0.010709186101856227,0.291088,3
2022-01-05,1287248.0,1277216.0,10032.0,-0.002974235683392612,0.28724799999999995,3
2022-01-06,1295408.0,1277216.0,18192.0,0.006339104818962715,0.2954079999999999,3
2022-01-07,1303088.0,1277216.0,25872.0,0.005928634067413618,0.303088,3
2022-01-10,1322528.0,1277216.0,45312.0,0.01491840919416032,0.3225279999999999,3
2022-01-11,1315088.0,1277216.0,37872.0,-0.005625589779573614,0.31508800000000003,3
2022-01-12,1310768.0,1277216.0,33552.0,-0.0032849512732228137,0.31076799999999993,3
2022-01-13,1312928.0,1277216.0,35712.0,0.0016478888712572193,0.3129280000000001,3
2022-01-14,1310528.0,1277216.0,33312.0,-0.0018279753345195049,0.3105279999999999,3
2022-01-17,1309088.0,1277216.0,31872.0,-0.0010987937686184335,0.30908800000000003,3
2022-01-18,1304288.0,1277216.0,27072.0,-0.0036666748148329598,0.3042879999999999,3
2022-01-19,1309328.0,1277216.0,32112.0,0.0038641772369292227,0.30932800000000005,3
2022-01-20,1307168.0,1277216.0,29952.0,-0.0016497012207788986,0.3071680000000001,3
2022-01-21,1306208.0,1277216.0,28992.0,-0.0007344121031114259,0.30620800000000004,3
2022-01-24,1322768.0,1277216.0,45552.0,0.012677919596266518,0.32276799999999994,3
2022-01-25,1321328.0,1277216.0,44112.0,-0.0010886262745999353,0.32132800000000006,3
2022-01-26,1324688.0,1277216.0,47472.0,0.0025428962377245234,0.3246880000000001,3
2022-01-27,1335488.0,1277216.0,58272.0,0.008152863164760271,0.335488,3
2022-01-28,1326608.0,1277216.0,49392.0,-0.006649254804236393,0.326608,3
2022-02-07,1313168.0,1277216.0,35952.0,-0.01013110127483019,0.3131679999999999,3
2022-02-08,1261088.0,1277216.0,-16128.0,-0.03965981504270588,0.261088,3
2022-02-09,1263968.0,1263968.0,0.0,0.002283742292369828,0.263968,0
2022-02-10,1263968.0,1263968.0,0.0,0.0,0.263968,0
2022-02-11,1263968.0,1263968.0,0.0,0.0,0.263968,0
2022-02-14,1263968.0,1263968.0,0.0,0.0,0.263968,0
2022-02-15,1263968.0,1263968.0,0.0,0.0,0.263968,0
2022-02-16,1263968.0,1263968.0,0.0,0.0,0.263968,0
2022-02-17,1263968.0,1263968.0,0.0,0.0,0.263968,0
2022-02-18,1263968.0,1263968.0,0.0,0.0,0.263968,0
2022-02-21,1263968.0,1263968.0,0.0,0.0,0.263968,0
2022-02-22,1263968.0,1263968.0,0.0,0.0,0.263968,0
2022-02-23,1263968.0,1263968.0,0.0,0.0,0.263968,0
2022-02-24,1263968.0,1263968.0,0.0,0.0,0.263968,0
2022-02-25,1263968.0,1263968.0,0.0,0.0,0.263968,0
2022-02-28,1263968.0,1263968.0,0.0,0.0,0.263968,0
2022-03-01,1263968.0,1263968.0,0.0,0.0,0.263968,0
2022-03-02,1263968.0,1263968.0,0.0,0.0,0.263968,0
2022-03-03,1263968.0,1263968.0,0.0,0.0,0.263968,0
2022-03-04,1263968.0,1263968.0,0.0,0.0,0.263968,0
2022-03-07,1263968.0,1263968.0,0.0,0.0,0.263968,0
2022-03-08,1263968.0,1263968.0,0.0,0.0,0.263968,0
2022-03-09,1263968.0,1263968.0,0.0,0.0,0.263968,0
2022-03-10,1263968.0,1263968.0,0.0,0.0,0.263968,0
2022-03-11,1263968.0,1263968.0,0.0,0.0,0.263968,0
2022-03-14,1263968.0,1263968.0,0.0,0.0,0.263968,0
2022-03-15,1264032.0,1263968.0,64.0,5.063419327067109e-05,0.26403200000000004,1
2022-03-16,1266992.0,1263968.0,3024.0,0.0023417128680287558,0.2669919999999999,1
2022-03-17,1266416.0,1263968.0,2448.0,-0.0004546200765277453,0.266416,2
2022-03-18,1265776.0,1263968.0,1808.0,-0.0005053631666056546,0.265776,2
2022-03-21,1250896.0,1263968.0,-13072.0,-0.011755634488250677,0.250896,2
2022-03-22,1256656.0,1263968.0,-7312.0,0.00460469935150476,0.256656,2
2022-03-23,1260816.0,1263968.0,-3152.0,0.0033103729262422554,0.26081599999999994,2
2022-03-24,1259376.0,1263968.0,-4592.0,-0.0011421174858187166,0.25937600000000005,2
2022-03-25,1264016.0,1263968.0,48.0,0.003684364320107658,0.26401600000000003,2
2022-03-28,1265936.0,1263968.0,1968.0,0.0015189681143277234,0.26593599999999995,2
2022-03-29,1254896.0,1263968.0,-9072.0,-0.008720820009858299,0.254896,2
2022-03-30,1257936.0,1263968.0,-6032.0,0.0024225115069296255,0.25793599999999994,2
2022-03-31,1254416.0,1263968.0,-9552.0,-0.0027982345683723597,0.254416,2
2022-04-01,1256016.0,1263968.0,-7952.0,0.0012754939350263506,0.256016,2
2022-04-06,1262736.0,1263968.0,-1232.0,0.00535025031528269,0.2627360000000001,2
2022-04-07,1261776.0,1263968.0,-2192.0,-0.0007602539248109386,0.261776,2
2022-04-08,1264976.0,1263968.0,1008.0,0.0025361078353052235,0.2649760000000001,2
2022-04-11,1269776.0,1263968.0,5808.0,0.0037945383944042455,0.269776,2
2022-04-12,1261840.0,1263968.0,-2128.0,-0.006249921245952028,0.2618400000000001,3
2022-04-13,1259200.0,1263968.0,-4768.0,-0.0020921828441007317,0.2592000000000001,3
2022-04-14,1261840.0,1263968.0,-2128.0,0.002096569250317648,0.2618400000000001,3
2022-04-15,1263520.0,1263968.0,-448.0,0.0013313890826094354,0.26352,3
2022-04-18,1228000.0,1263968.0,-35968.0,-0.02811194124351024,0.22799999999999998,3
2022-04-19,1226560.0,1263968.0,-37408.0,-0.0011726384364820763,0.2265600000000001,3
2022-04-20,1234960.0,1263968.0,-29008.0,0.006848421601878485,0.23496000000000006,3
2022-04-21,1240960.0,1240960.0,0.0,0.004858456954071277,0.24096000000000006,0
2022-04-22,1240960.0,1240960.0,0.0,0.0,0.24096000000000006,0
2022-04-25,1240960.0,1240960.0,0.0,0.0,0.24096000000000006,0
2022-04-26,1240960.0,1240960.0,0.0,0.0,0.24096000000000006,0
2022-04-27,1240960.0,1240960.0,0.0,0.0,0.24096000000000006,0
2022-04-28,1240960.0,1240960.0,0.0,0.0,0.24096000000000006,0
2022-04-29,1240960.0,1240960.0,0.0,0.0,0.24096000000000006,0
2022-05-05,1240960.0,1240960.0,0.0,0.0,0.24096000000000006,0
2022-05-06,1240960.0,1240960.0,0.0,0.0,0.24096000000000006,0
2022-05-09,1240960.0,1240960.0,0.0,0.0,0.24096000000000006,0
2022-05-10,1238624.0,1240960.0,-2336.0,-0.0018824136152656434,0.23862399999999995,1
2022-05-11,1244464.0,1240960.0,3504.0,0.004714909447903537,0.24446400000000001,1
2022-05-12,1244704.0,1240960.0,3744.0,0.00019285411229241767,0.24470400000000003,1
2022-05-13,1250864.0,1240960.0,9904.0,0.0049489677867187165,0.250864,1
2022-05-16,1253088.0,1240960.0,12128.0,0.0017779710663989867,0.253088,2
2022-05-17,1206032.0,1240960.0,-34928.0,-0.037552031461477564,0.206032,3
2022-05-18,1213712.0,1240960.0,-27248.0,0.0063679902357483,0.2137119999999999,3
2022-05-19,1217792.0,1240960.0,-23168.0,0.0033615882515787288,0.21779199999999999,3
2022-05-20,1217792.0,1240960.0,-23168.0,0.0,0.21779199999999999,3
2022-05-23,1219232.0,1240960.0,-21728.0,0.001182467941980292,0.2192320000000001,3
2022-05-24,1217792.0,1240960.0,-23168.0,-0.0011810713629563097,0.21779199999999999,3
2022-05-25,1220672.0,1240960.0,-20288.0,0.002364935883960584,0.22067199999999998,3
2022-05-26,1198832.0,1240960.0,-42128.0,-0.01789178419755677,0.1988319999999999,3
2022-05-27,1201952.0,1240960.0,-39008.0,0.0026025331322487855,0.2019519999999999,3
2022-05-30,1208672.0,1240960.0,-32288.0,0.0055909054604510455,0.20867199999999997,3
2022-05-31,1208912.0,1208912.0,0.0,0.00019856503666826342,0.208912,0
2022-06-01,1208912.0,1208912.0,0.0,0.0,0.208912,0
2022-06-02,1208912.0,1208912.0,0.0,0.0,0.208912,0
2022-06-06,1208912.0,1208912.0,0.0,0.0,0.208912,0
2022-06-07,1208912.0,1208912.0,0.0,0.0,0.208912,0
2022-06-08,1208912.0,1208912.0,0.0,0.0,0.208912,0
2022-06-09,1208912.0,1208912.0,0.0,0.0,0.208912,0
2022-06-10,1208912.0,1208912.0,0.0,0.0,0.208912,0
2022-06-13,1208912.0,1208912.0,0.0,0.0,0.208912,0
2022-06-14,1208912.0,1208912.0,0.0,0.0,0.208912,0
2022-06-15,1208912.0,1208912.0,0.0,0.0,0.208912,0
2022-06-16,1208912.0,1208912.0,0.0,0.0,0.208912,0
2022-06-17,1208912.0,1208912.0,0.0,0.0,0.208912,0
2022-06-20,1208912.0,1208912.0,0.0,0.0,0.208912,0
2022-06-21,1208912.0,1208912.0,0.0,0.0,0.208912,0
2022-06-22,1208912.0,1208912.0,0.0,0.0,0.208912,0
2022-06-23,1208912.0,1208912.0,0.0,0.0,0.208912,0
2022-06-24,1208912.0,1208912.0,0.0,0.0,0.208912,0
2022-06-27,1208912.0,1208912.0,0.0,0.0,0.208912,0
2022-06-28,1204016.0,1208912.0,-4896.0,-0.004049922575009579,0.20401599999999998,1
2022-06-29,1206336.0,1208912.0,-2576.0,0.0019268846925621919,0.20633600000000007,1
2022-06-30,1209056.0,1208912.0,144.0,0.0022547615258103892,0.2090559999999999,1
2022-07-01,1217776.0,1208912.0,8864.0,0.007212238308233809,0.21777599999999997,1
2022-07-04,1268144.0,1208912.0,59232.0,0.0413606443221084,0.26814399999999994,3
2022-07-05,1245104.0,1208912.0,36192.0,-0.01816828372803092,0.245104,3
2022-07-06,1197344.0,1208912.0,-11568.0,-0.03835824156054435,0.19734399999999996,3
2022-07-07,1234544.0,1208912.0,25632.0,0.03106876553438287,0.23454400000000009,3
2022-07-08,1279904.0,1208912.0,70992.0,0.03674231133114736,0.27990399999999993,3
2022-07-11,1268624.0,1208912.0,59712.0,-0.008813160987074076,0.268624,3
2022-07-12,1266704.0,1208912.0,57792.0,-0.0015134507939310593,0.26670400000000005,3
2022-07-13,1267664.0,1208912.0,58752.0,0.0007578723995502745,0.2676639999999999,3
2022-07-14,1249184.0,1208912.0,40272.0,-0.01457799543096594,0.24918400000000007,3
2022-07-15,1194464.0,1208912.0,-14448.0,-0.043804595640033805,0.19446399999999997,3
2022-07-18,1221104.0,1208912.0,12192.0,0.022302890668952857,0.22110399999999997,3
2022-07-19,1213184.0,1208912.0,4272.0,-0.006485934040016295,0.21318400000000004,3
2022-07-20,1191824.0,1208912.0,-17088.0,-0.017606562565942174,0.191824,3
2022-07-21,1165424.0,1208912.0,-43488.0,-0.022150921612587138,0.16542400000000002,3
2022-07-22,1185344.0,1208912.0,-23568.0,0.017092491659687736,0.18534399999999995,3
2022-07-25,1148384.0,1208912.0,-60528.0,-0.031180821769882794,0.14838400000000007,3
2022-07-26,1140224.0,1140224.0,0.0,-0.00710563713879675,0.1402239999999999,0
2022-07-27,1140224.0,1140224.0,0.0,0.0,0.1402239999999999,0
2022-07-28,1140224.0,1140224.0,0.0,0.0,0.1402239999999999,0
2022-07-29,1140224.0,1140224.0,0.0,0.0,0.1402239999999999,0
2022-08-01,1140224.0,1140224.0,0.0,0.0,0.1402239999999999,0
2022-08-02,1140224.0,1140224.0,0.0,0.0,0.1402239999999999,0
2022-08-03,1140224.0,1140224.0,0.0,0.0,0.1402239999999999,0
2022-08-04,1140224.0,1140224.0,0.0,0.0,0.1402239999999999,0
2022-08-05,1140224.0,1140224.0,0.0,0.0,0.1402239999999999,0
2022-08-08,1140224.0,1140224.0,0.0,0.0,0.1402239999999999,0
2022-08-09,1140224.0,1140224.0,0.0,0.0,0.1402239999999999,0
2022-08-10,1140224.0,1140224.0,0.0,0.0,0.1402239999999999,0
2022-08-11,1140224.0,1140224.0,0.0,0.0,0.1402239999999999,0
2022-08-12,1140224.0,1140224.0,0.0,0.0,0.1402239999999999,0
2022-08-15,1140224.0,1140224.0,0.0,0.0,0.1402239999999999,0
2022-08-16,1140224.0,1140224.0,0.0,0.0,0.1402239999999999,0
2022-08-17,1140224.0,1140224.0,0.0,0.0,0.1402239999999999,0
2022-08-18,1140224.0,1140224.0,0.0,0.0,0.1402239999999999,0
2022-08-19,1140224.0,1140224.0,0.0,0.0,0.1402239999999999,0
2022-08-22,1140224.0,1140224.0,0.0,0.0,0.1402239999999999,0
2022-08-23,1139888.0,1140224.0,-336.0,-0.00029467894027834785,0.139888,1
2022-08-24,1138368.0,1140224.0,-1856.0,-0.001333464340356194,0.13836800000000005,1
2022-08-25,1145488.0,1140224.0,5264.0,0.006254567942879596,0.14548800000000006,1
2022-08-26,1148512.0,1140224.0,8288.0,0.0026399228974900435,0.14851199999999998,2
2022-08-29,1141472.0,1140224.0,1248.0,-0.006129670390905839,0.14147200000000004,2
2022-08-30,1141312.0,1140224.0,1088.0,-0.00014016988590170865,0.1413120000000001,2
2022-08-31,1133472.0,1140224.0,-6752.0,-0.006869287276397684,0.13347200000000004,2
2022-09-01,1131712.0,1140224.0,-8512.0,-0.0015527511927951876,0.13171200000000005,2
2022-09-02,1123392.0,1140224.0,-16832.0,-0.007351693717129404,0.12339199999999995,2
2022-09-05,1134752.0,1140224.0,-5472.0,0.010112231527374282,0.13475199999999998,2
2022-09-06,1123552.0,1140224.0,-16672.0,-0.009869998026000415,0.1235520000000001,2
2022-09-07,1133792.0,1140224.0,-6432.0,0.009113952892255917,0.1337919999999999,2
2022-09-08,1120672.0,1140224.0,-19552.0,-0.011571787417797963,0.12067199999999989,2
2022-09-09,1125472.0,1140224.0,-14752.0,0.004283144399074734,0.12547200000000003,2
2022-09-13,1132672.0,1140224.0,-7552.0,0.0063973159705439375,0.1326719999999999,2
2022-09-14,1134432.0,1140224.0,-5792.0,0.0015538478924173038,0.1344320000000001,2
2022-09-15,1131872.0,1140224.0,-8352.0,-0.002256635920002248,0.131872,2
2022-09-16,1135232.0,1140224.0,-4992.0,0.002968533544428942,0.13523200000000002,2
2022-09-19,1135392.0,1140224.0,-4832.0,0.00014094035404221827,0.13539199999999996,2
2022-09-20,1114432.0,1140224.0,-25792.0,-0.01846058453820354,0.11443200000000009,2
2022-09-21,1114432.0,1114432.0,0.0,0.0,0.11443200000000009,0
2022-09-22,1114432.0,1114432.0,0.0,0.0,0.11443200000000009,0
2022-09-23,1114432.0,1114432.0,0.0,0.0,0.11443200000000009,0
2022-09-26,1114432.0,1114432.0,0.0,0.0,0.11443200000000009,0
2022-09-27,1114432.0,1114432.0,0.0,0.0,0.11443200000000009,0
2022-09-28,1114432.0,1114432.0,0.0,0.0,0.11443200000000009,0
2022-09-29,1114432.0,1114432.0,0.0,0.0,0.11443200000000009,0
2022-09-30,1114432.0,1114432.0,0.0,0.0,0.11443200000000009,0
2022-10-10,1114432.0,1114432.0,0.0,0.0,0.11443200000000009,0
2022-10-11,1114432.0,1114432.0,0.0,0.0,0.11443200000000009,0
2022-10-12,1114432.0,1114432.0,0.0,0.0,0.11443200000000009,0
2022-10-13,1114432.0,1114432.0,0.0,0.0,0.11443200000000009,0
2022-10-14,1114432.0,1114432.0,0.0,0.0,0.11443200000000009,0
2022-10-17,1114432.0,1114432.0,0.0,0.0,0.11443200000000009,0
2022-10-18,1114432.0,1114432.0,0.0,0.0,0.11443200000000009,0
2022-10-19,1114432.0,1114432.0,0.0,0.0,0.11443200000000009,0
2022-10-20,1114432.0,1114432.0,0.0,0.0,0.11443200000000009,0
2022-10-21,1114432.0,1114432.0,0.0,0.0,0.11443200000000009,0
2022-10-24,1114432.0,1114432.0,0.0,0.0,0.11443200000000009,0
2022-10-25,1114432.0,1114432.0,0.0,0.0,0.11443200000000009,0
2022-10-26,1114432.0,1114432.0,0.0,0.0,0.11443200000000009,0
2022-10-27,1114432.0,1114432.0,0.0,0.0,0.11443200000000009,0
2022-10-28,1114432.0,1114432.0,0.0,0.0,0.11443200000000009,0
2022-10-31,1114432.0,1114432.0,0.0,0.0,0.11443200000000009,0
2022-11-01,1114432.0,1114432.0,0.0,0.0,0.11443200000000009,0
2022-11-02,1114432.0,1114432.0,0.0,0.0,0.11443200000000009,0
2022-11-03,1114432.0,1114432.0,0.0,0.0,0.11443200000000009,0
2022-11-04,1114432.0,1114432.0,0.0,0.0,0.11443200000000009,0
2022-11-07,1114432.0,1114432.0,0.0,0.0,0.11443200000000009,0
2022-11-08,1114432.0,1114432.0,0.0,0.0,0.11443200000000009,0
2022-11-09,1114432.0,1114432.0,0.0,0.0,0.11443200000000009,0
2022-11-10,1119856.0,1114432.0,5424.0,0.004867053350944728,0.11985599999999996,1
2022-11-11,1109040.0,1114432.0,-5392.0,-0.009658384649454899,0.10904000000000003,2
2022-11-14,1107440.0,1114432.0,-6992.0,-0.001442689172617806,0.10743999999999998,2
2022-11-15,1101040.0,1114432.0,-13392.0,-0.005779094126995621,0.10104000000000002,2
2022-11-16,1102160.0,1114432.0,-12272.0,0.0010172200828306721,0.10216000000000003,2
2022-11-17,1106960.0,1114432.0,-7472.0,0.004355084561225242,0.10695999999999994,2
2022-11-18,1114640.0,1114432.0,208.0,0.0069379200693791,0.11464000000000008,2
2022-11-21,1129520.0,1114432.0,15088.0,0.013349601665111566,0.12952000000000008,2
2022-11-22,1129984.0,1114432.0,15552.0,0.00041079396557819337,0.1299840000000001,3
2022-11-23,1163584.0,1114432.0,49152.0,0.029734934299954663,0.16358399999999995,3
2022-11-24,1158304.0,1114432.0,43872.0,-0.004537704196688863,0.158304,3
2022-11-25,1158304.0,1114432.0,43872.0,0.0,0.158304,3
2022-11-28,1141984.0,1114432.0,27552.0,-0.014089565433599516,0.1419840000000001,3
2022-11-29,1148224.0,1114432.0,33792.0,0.00546417462941684,0.1482239999999999,3
2022-11-30,1149664.0,1114432.0,35232.0,0.0012541106961707627,0.14966400000000002,3
2022-12-01,1134784.0,1114432.0,20352.0,-0.012942912016032482,0.13478400000000001,3
2022-12-02,1107424.0,1114432.0,-7008.0,-0.024110315267046434,0.10742399999999996,3
2022-12-05,1122304.0,1114432.0,7872.0,0.013436587973531422,0.12230399999999997,3
2022-12-06,1125424.0,1114432.0,10992.0,0.002779995437956151,0.12542399999999998,3
2022-12-07,1165504.0,1114432.0,51072.0,0.03561324443054348,0.1655040000000001,3
2022-12-08,1213264.0,1114432.0,98832.0,0.040977980341551756,0.2132639999999999,3
2022-12-09,1220944.0,1114432.0,106512.0,0.006330032045787304,0.22094400000000003,3
2022-12-12,1273984.0,1114432.0,159552.0,0.04344179585632091,0.273984,3
2022-12-13,1281184.0,1114432.0,166752.0,0.005651562343012229,0.2811840000000001,3
2022-12-14,1275664.0,1114432.0,161232.0,-0.004308514623972859,0.2756639999999999,3
2022-12-15,1334224.0,1114432.0,219792.0,0.0459055048978414,0.3342240000000001,3
2022-12-16,1369984.0,1114432.0,255552.0,0.026802096199738612,0.3699840000000001,3
2022-12-19,1390384.0,1114432.0,275952.0,0.014890684854713676,0.39038400000000006,3
2022-12-20,1377664.0,1114432.0,263232.0,-0.009148551766993918,0.377664,3
2022-12-21,1364944.0,1114432.0,250512.0,-0.009233020533308545,0.36494399999999994,3
2022-12-22,1344784.0,1114432.0,230352.0,-0.014769836711249651,0.344784,3
2022-12-23,1369744.0,1114432.0,255312.0,0.018560601553855527,0.3697440000000001,3
2022-12-26,1320304.0,1114432.0,205872.0,-0.03609433587590094,0.3203039999999999,3
2022-12-27,1326064.0,1114432.0,211632.0,0.0043626316363503115,0.3260639999999999,3
2022-12-28,1328224.0,1114432.0,213792.0,0.0016288806573439008,0.32822400000000007,3
2022-12-29,1350544.0,1114432.0,236112.0,0.01680439443949222,0.35054399999999997,3
2022-12-30,1357984.0,1114432.0,243552.0,0.0055088912319776195,0.3579840000000001,3
2023-01-03,1383424.0,1114432.0,268992.0,0.018733652237434395,0.383424,3
2023-01-04,1378384.0,1114432.0,263952.0,-0.003643134715025864,0.37838400000000005,3
2023-01-05,1370224.0,1114432.0,255792.0,-0.005919975855784743,0.3702240000000001,3
2023-01-06,1375504.0,1114432.0,261072.0,0.0038533845561017355,0.37550400000000006,3
2023-01-09,1376464.0,1114432.0,262032.0,0.0006979259965802509,0.3764639999999999,3
2023-01-10,1393744.0,1114432.0,279312.0,0.012553906240918788,0.3937440000000001,3
2023-01-11,1419184.0,1114432.0,304752.0,0.01825299337611508,0.419184,3
2023-01-12,1422784.0,1114432.0,308352.0,0.0025366689590637925,0.42278400000000005,3
2023-01-13,1421584.0,1114432.0,307152.0,-0.0008434168503440587,0.42158399999999996,3
2023-01-16,1404304.0,1114432.0,289872.0,-0.012155454760323647,0.404304,3
2023-01-17,1414144.0,1114432.0,299712.0,0.007007029816905819,0.41414400000000007,3
2023-01-18,1410544.0,1114432.0,296112.0,-0.002545709630702442,0.410544,3
2023-01-19,1414384.0,1114432.0,299952.0,0.002722353928696908,0.4143840000000001,3
2023-01-20,1400704.0,1114432.0,286272.0,-0.009672055113745581,0.40070399999999995,3
2023-01-30,1441024.0,1114432.0,326592.0,0.02878552499314635,0.4410240000000001,3
2023-01-31,1434304.0,1114432.0,319872.0,-0.004663350506306618,0.434304,3
2023-02-01,1437184.0,1114432.0,322752.0,0.0020079425282226726,0.437184,3
2023-02-02,1438864.0,1114432.0,324432.0,0.0011689526184539556,0.4388639999999999,3
2023-02-03,1457584.0,1114432.0,343152.0,0.01301026365243696,0.457584,3
2023-02-06,1435024.0,1114432.0,320592.0,-0.015477667153316776,0.4350240000000001,3
2023-02-07,1439344.0,1114432.0,324912.0,0.0030104026134754047,0.43934399999999996,3
2023-02-08,1445344.0,1114432.0,330912.0,0.004168565679920855,0.44534399999999996,3
2023-02-09,1440784.0,1114432.0,326352.0,-0.0031549582659906594,0.44078400000000006,3
2023-02-10,1442464.0,1114432.0,328032.0,0.0011660318271162762,0.44246399999999997,3
2023-02-13,1428304.0,1114432.0,313872.0,-0.009816536149255706,0.428304,3
2023-02-14,1433104.0,1114432.0,318672.0,0.0033606291097694196,0.43310399999999993,3
2023-02-15,1427344.0,1427344.0,0.0,-0.004019247730799758,0.42734399999999995,0
2023-02-16,1427344.0,1427344.0,0.0,0.0,0.42734399999999995,0
2023-02-17,1427344.0,1427344.0,0.0,0.0,0.42734399999999995,0
2023-02-20,1427344.0,1427344.0,0.0,0.0,0.42734399999999995,0
2023-02-21,1427344.0,1427344.0,0.0,0.0,0.42734399999999995,0
2023-02-22,1427344.0,1427344.0,0.0,0.0,0.42734399999999995,0
2023-02-23,1427344.0,1427344.0,0.0,0.0,0.42734399999999995,0
2023-02-24,1427344.0,1427344.0,0.0,0.0,0.42734399999999995,0
2023-02-27,1427344.0,1427344.0,0.0,0.0,0.42734399999999995,0
2023-02-28,1427344.0,1427344.0,0.0,0.0,0.42734399999999995,0
2023-03-01,1427344.0,1427344.0,0.0,0.0,0.42734399999999995,0
2023-03-02,1427344.0,1427344.0,0.0,0.0,0.42734399999999995,0
2023-03-03,1427344.0,1427344.0,0.0,0.0,0.42734399999999995,0
2023-03-06,1427344.0,1427344.0,0.0,0.0,0.42734399999999995,0
2023-03-07,1427344.0,1427344.0,0.0,0.0,0.42734399999999995,0
2023-03-08,1427344.0,1427344.0,0.0,0.0,0.42734399999999995,0
2023-03-09,1427344.0,1427344.0,0.0,0.0,0.42734399999999995,0
2023-03-10,1427344.0,1427344.0,0.0,0.0,0.42734399999999995,0
2023-03-13,1427344.0,1427344.0,0.0,0.0,0.42734399999999995,0
2023-03-14,1427344.0,1427344.0,0.0,0.0,0.42734399999999995,0
2023-03-15,1427344.0,1427344.0,0.0,0.0,0.42734399999999995,0
2023-03-16,1427344.0,1427344.0,0.0,0.0,0.42734399999999995,0
2023-03-17,1427344.0,1427344.0,0.0,0.0,0.42734399999999995,0
2023-03-20,1427344.0,1427344.0,0.0,0.0,0.42734399999999995,0
2023-03-21,1427344.0,1427344.0,0.0,0.0,0.42734399999999995,0
2023-03-22,1427344.0,1427344.0,0.0,0.0,0.42734399999999995,0
2023-03-23,1427344.0,1427344.0,0.0,0.0,0.42734399999999995,0
2023-03-24,1427344.0,1427344.0,0.0,0.0,0.42734399999999995,0
2023-03-27,1427344.0,1427344.0,0.0,0.0,0.42734399999999995,0
2023-03-28,1427344.0,1427344.0,0.0,0.0,0.42734399999999995,0
2023-03-29,1427344.0,1427344.0,0.0,0.0,0.42734399999999995,0
2023-03-30,1427488.0,1427344.0,144.0,0.00010088668183705352,0.4274880000000001,1
2023-03-31,1429168.0,1427344.0,1824.0,0.0011768925553139464,0.429168,1
2023-04-03,1431328.0,1427344.0,3984.0,0.0015113688523673563,0.43132799999999993,1
2023-04-04,1430672.0,1427344.0,3328.0,-0.0004583156341523287,0.43067199999999994,2
2023-04-06,1435312.0,1427344.0,7968.0,0.0032432311529126956,0.4353119999999999,2
2023-04-07,1429696.0,1427344.0,2352.0,-0.0039127381363772695,0.4296960000000001,3
2023-04-10,1439296.0,1427344.0,11952.0,0.00671471417699987,0.4392959999999999,3
2023-04-11,1438096.0,1427344.0,10752.0,-0.000833740940015093,0.43809600000000004,3
2023-04-12,1439536.0,1427344.0,12192.0,0.0010013239728083878,0.4395359999999999,3
2023-04-13,1448176.0,1427344.0,20832.0,0.006001933956497174,0.4481759999999999,3
2023-04-14,1448176.0,1427344.0,20832.0,0.0,0.4481759999999999,3
2023-04-17,1428016.0,1427344.0,672.0,-0.013920959883329087,0.42801599999999995,3
2023-04-18,1422736.0,1422736.0,0.0,-0.003697437563724759,0.422736,0
2023-04-19,1422736.0,1422736.0,0.0,0.0,0.422736,0
2023-04-20,1422736.0,1422736.0,0.0,0.0,0.422736,0
2023-04-21,1422736.0,1422736.0,0.0,0.0,0.422736,0
2023-04-24,1422736.0,1422736.0,0.0,0.0,0.422736,0
2023-04-25,1422736.0,1422736.0,0.0,0.0,0.422736,0
2023-04-26,1422736.0,1422736.0,0.0,0.0,0.422736,0
2023-04-27,1422736.0,1422736.0,0.0,0.0,0.422736,0
2023-04-28,1422736.0,1422736.0,0.0,0.0,0.422736,0
2023-05-04,1422736.0,1422736.0,0.0,0.0,0.422736,0
2023-05-05,1422736.0,1422736.0,0.0,0.0,0.422736,0
2023-05-08,1422736.0,1422736.0,0.0,0.0,0.422736,0
2023-05-09,1422736.0,1422736.0,0.0,0.0,0.422736,0
2023-05-10,1422736.0,1422736.0,0.0,0.0,0.422736,0
2023-05-11,1422736.0,1422736.0,0.0,0.0,0.422736,0
2023-05-12,1422736.0,1422736.0,0.0,0.0,0.422736,0
2023-05-15,1422736.0,1422736.0,0.0,0.0,0.422736,0
2023-05-16,1422736.0,1422736.0,0.0,0.0,0.422736,0
2023-05-17,1422736.0,1422736.0,0.0,0.0,0.422736,0
2023-05-18,1422736.0,1422736.0,0.0,0.0,0.422736,0
2023-05-19,1422736.0,1422736.0,0.0,0.0,0.422736,0
2023-05-22,1422736.0,1422736.0,0.0,0.0,0.422736,0
2023-05-23,1422736.0,1422736.0,0.0,0.0,0.422736,0
2023-05-24,1422736.0,1422736.0,0.0,0.0,0.422736,0
2023-05-25,1422736.0,1422736.0,0.0,0.0,0.422736,0
2023-05-26,1422736.0,1422736.0,0.0,0.0,0.422736,0
2023-05-29,1422736.0,1422736.0,0.0,0.0,0.422736,0
2023-05-30,1422736.0,1422736.0,0.0,0.0,0.422736,0
2023-05-31,1422736.0,1422736.0,0.0,0.0,0.422736,0
2023-06-01,1422736.0,1422736.0,0.0,0.0,0.422736,0
2023-06-02,1422736.0,1422736.0,0.0,0.0,0.422736,0
2023-06-05,1422736.0,1422736.0,0.0,0.0,0.422736,0
2023-06-06,1422736.0,1422736.0,0.0,0.0,0.422736,0
2023-06-07,1422736.0,1422736.0,0.0,0.0,0.422736,0
2023-06-08,1422736.0,1422736.0,0.0,0.0,0.422736,0
2023-06-09,1422736.0,1422736.0,0.0,0.0,0.422736,0
2023-06-12,1422736.0,1422736.0,0.0,0.0,0.422736,0
2023-06-13,1422736.0,1422736.0,0.0,0.0,0.422736,0
2023-06-14,1422736.0,1422736.0,0.0,0.0,0.422736,0
2023-06-15,1422736.0,1422736.0,0.0,0.0,0.422736,0
2023-06-16,1422736.0,1422736.0,0.0,0.0,0.422736,0
2023-06-19,1422736.0,1422736.0,0.0,0.0,0.422736,0
2023-06-20,1422736.0,1422736.0,0.0,0.0,0.422736,0
2023-06-21,1422736.0,1422736.0,0.0,0.0,0.422736,0
2023-06-26,1422736.0,1422736.0,0.0,0.0,0.422736,0
2023-06-27,1422736.0,1422736.0,0.0,0.0,0.422736,0
2023-06-28,1422736.0,1422736.0,0.0,0.0,0.422736,0
2023-06-29,1422736.0,1422736.0,0.0,0.0,0.422736,0
2023-06-30,1422736.0,1422736.0,0.0,0.0,0.422736,0
2023-07-03,1422736.0,1422736.0,0.0,0.0,0.422736,0
2023-07-04,1422736.0,1422736.0,0.0,0.0,0.422736,0
2023-07-05,1422736.0,1422736.0,0.0,0.0,0.422736,0
2023-07-06,1422736.0,1422736.0,0.0,0.0,0.422736,0
2023-07-07,1422736.0,1422736.0,0.0,0.0,0.422736,0
2023-07-10,1422736.0,1422736.0,0.0,0.0,0.422736,0
2023-07-11,1422736.0,1422736.0,0.0,0.0,0.422736,0
2023-07-12,1422736.0,1422736.0,0.0,0.0,0.422736,0
2023-07-13,1422736.0,1422736.0,0.0,0.0,0.422736,0
2023-07-14,1422960.0,1422736.0,224.0,0.00015744312367149682,0.42296,1
2023-07-17,1421680.0,1422736.0,-1056.0,-0.0008995333670658301,0.42168000000000005,1
2023-07-18,1419520.0,1422736.0,-3216.0,-0.0015193292442743367,0.4195199999999999,1
2023-07-19,1419520.0,1422736.0,-3216.0,0.0,0.4195199999999999,1
2023-07-20,1416480.0,1422736.0,-6256.0,-0.0021415689810639904,0.41647999999999996,1
2023-07-21,1419520.0,1422736.0,-3216.0,0.0021461651417598038,0.4195199999999999,1
2023-07-24,1408320.0,1422736.0,-14416.0,-0.007889990982867467,0.40832,1
2023-07-25,1405680.0,1405680.0,0.0,-0.0018745739604635325,0.40568000000000004,0
2023-07-26,1405680.0,1405680.0,0.0,0.0,0.40568000000000004,0
2023-07-27,1405680.0,1405680.0,0.0,0.0,0.40568000000000004,0
2023-07-28,1405680.0,1405680.0,0.0,0.0,0.40568000000000004,0
2023-07-31,1405680.0,1405680.0,0.0,0.0,0.40568000000000004,0
2023-08-01,1405680.0,1405680.0,0.0,0.0,0.40568000000000004,0
2023-08-02,1405680.0,1405680.0,0.0,0.0,0.40568000000000004,0
2023-08-03,1405680.0,1405680.0,0.0,0.0,0.40568000000000004,0
2023-08-04,1405680.0,1405680.0,0.0,0.0,0.40568000000000004,0
2023-08-07,1406144.0,1405680.0,464.0,0.00033008935177281096,0.40614400000000006,1
2023-08-08,1405504.0,1405680.0,-176.0,-0.00045514541896141125,0.4055040000000001,1
2023-08-09,1406144.0,1405680.0,464.0,0.00045535267064344964,0.40614400000000006,1
2023-08-10,1399344.0,1405680.0,-6336.0,-0.004835920076464384,0.3993439999999999,1
2023-08-11,1401664.0,1405680.0,-4016.0,0.0016579197109503063,0.401664,1
2023-08-14,1401744.0,1405680.0,-3936.0,5.7075019405550265e-05,0.4017440000000001,1
2023-08-15,1402064.0,1405680.0,-3616.0,0.00022828704813426803,0.402064,1
2023-08-16,1399424.0,1405680.0,-6256.0,-0.0018829382966826236,0.399424,1
2023-08-17,1394224.0,1405680.0,-11456.0,-0.003715814506539794,0.3942239999999999,1
2023-08-18,1392624.0,1405680.0,-13056.0,-0.0011475917786525347,0.3926240000000001,1
2023-08-21,1398784.0,1405680.0,-6896.0,0.0044233044956858425,0.398784,1
2023-08-22,1397264.0,1405680.0,-8416.0,-0.0010866581259151298,0.39726400000000006,1
2023-08-23,1402544.0,1405680.0,-3136.0,0.003778813452575802,0.402544,1
2023-08-24,1401664.0,1405680.0,-4016.0,-0.0006274312962730733,0.401664,1
2023-08-25,1403904.0,1405680.0,-1776.0,0.0015981005433540751,0.40390400000000004,1
2023-08-28,1397904.0,1405680.0,-7776.0,-0.004273796498905913,0.39790400000000004,1
2023-08-29,1394624.0,1405680.0,-11056.0,-0.0023463699939337834,0.3946240000000001,1
2023-08-30,1396224.0,1396224.0,0.0,0.0011472626313615564,0.3962239999999999,0
2023-08-31,1396224.0,1396224.0,0.0,0.0,0.3962239999999999,0
2023-09-01,1396224.0,1396224.0,0.0,0.0,0.3962239999999999,0
2023-09-04,1396224.0,1396224.0,0.0,0.0,0.3962239999999999,0
2023-09-05,1396224.0,1396224.0,0.0,0.0,0.3962239999999999,0
2023-09-06,1396224.0,1396224.0,0.0,0.0,0.3962239999999999,0
2023-09-07,1396224.0,1396224.0,0.0,0.0,0.3962239999999999,0
2023-09-08,1396224.0,1396224.0,0.0,0.0,0.3962239999999999,0
2023-09-11,1396224.0,1396224.0,0.0,0.0,0.3962239999999999,0
2023-09-12,1396224.0,1396224.0,0.0,0.0,0.3962239999999999,0
2023-09-13,1396224.0,1396224.0,0.0,0.0,0.3962239999999999,0
2023-09-14,1396224.0,1396224.0,0.0,0.0,0.3962239999999999,0
2023-09-15,1396224.0,1396224.0,0.0,0.0,0.3962239999999999,0
2023-09-18,1396224.0,1396224.0,0.0,0.0,0.3962239999999999,0
2023-09-19,1396224.0,1396224.0,0.0,0.0,0.3962239999999999,0
2023-09-20,1396224.0,1396224.0,0.0,0.0,0.3962239999999999,0
2023-09-21,1396224.0,1396224.0,0.0,0.0,0.3962239999999999,0
2023-09-22,1396224.0,1396224.0,0.0,0.0,0.3962239999999999,0
2023-09-25,1396224.0,1396224.0,0.0,0.0,0.3962239999999999,0
2023-09-26,1396224.0,1396224.0,0.0,0.0,0.3962239999999999,0
2023-09-27,1396224.0,1396224.0,0.0,0.0,0.3962239999999999,0
2023-09-28,1396224.0,1396224.0,0.0,0.0,0.3962239999999999,0
2023-10-09,1396224.0,1396224.0,0.0,0.0,0.3962239999999999,0
2023-10-10,1401408.0,1396224.0,5184.0,0.003712871287128605,0.401408,1
2023-10-11,1395856.0,1396224.0,-368.0,-0.003961729917340229,0.395856,3
2023-10-12,1345456.0,1396224.0,-50768.0,-0.03610687635400789,0.345456,3
2023-10-13,1346416.0,1346416.0,0.0,0.000713512742148481,0.34641600000000006,0
2023-10-16,1346416.0,1346416.0,0.0,0.0,0.34641600000000006,0
2023-10-17,1346416.0,1346416.0,0.0,0.0,0.34641600000000006,0
2023-10-18,1346416.0,1346416.0,0.0,0.0,0.34641600000000006,0
2023-10-19,1346416.0,1346416.0,0.0,0.0,0.34641600000000006,0
2023-10-20,1346416.0,1346416.0,0.0,0.0,0.34641600000000006,0
2023-10-23,1346416.0,1346416.0,0.0,0.0,0.34641600000000006,0
2023-10-24,1346416.0,1346416.0,0.0,0.0,0.34641600000000006,0
2023-10-25,1346416.0,1346416.0,0.0,0.0,0.34641600000000006,0
2023-10-26,1346416.0,1346416.0,0.0,0.0,0.34641600000000006,0
2023-10-27,1346416.0,1346416.0,0.0,0.0,0.34641600000000006,0
2023-10-30,1346416.0,1346416.0,0.0,0.0,0.34641600000000006,0
2023-10-31,1346416.0,1346416.0,0.0,0.0,0.34641600000000006,0
2023-11-01,1346416.0,1346416.0,0.0,0.0,0.34641600000000006,0
2023-11-02,1346416.0,1346416.0,0.0,0.0,0.34641600000000006,0
2023-11-03,1346416.0,1346416.0,0.0,0.0,0.34641600000000006,0
2023-11-06,1346416.0,1346416.0,0.0,0.0,0.34641600000000006,0
2023-11-07,1346416.0,1346416.0,0.0,0.0,0.34641600000000006,0
2023-11-08,1346416.0,1346416.0,0.0,0.0,0.34641600000000006,0
2023-11-09,1346416.0,1346416.0,0.0,0.0,0.34641600000000006,0
2023-11-10,1346416.0,1346416.0,0.0,0.0,0.34641600000000006,0
2023-11-13,1346416.0,1346416.0,0.0,0.0,0.34641600000000006,0
2023-11-14,1346416.0,1346416.0,0.0,0.0,0.34641600000000006,0
2023-11-15,1346416.0,1346416.0,0.0,0.0,0.34641600000000006,0
2023-11-16,1346416.0,1346416.0,0.0,0.0,0.34641600000000006,0
2023-11-17,1346416.0,1346416.0,0.0,0.0,0.34641600000000006,0
2023-11-20,1346416.0,1346416.0,0.0,0.0,0.34641600000000006,0
2023-11-21,1346416.0,1346416.0,0.0,0.0,0.34641600000000006,0
2023-11-22,1346416.0,1346416.0,0.0,0.0,0.34641600000000006,0
2023-11-23,1346416.0,1346416.0,0.0,0.0,0.34641600000000006,0
2023-11-24,1346416.0,1346416.0,0.0,0.0,0.34641600000000006,0
2023-11-27,1346416.0,1346416.0,0.0,0.0,0.34641600000000006,0
2023-11-28,1344480.0,1346416.0,-1936.0,-0.001437891409490133,0.3444799999999999,1
2023-11-29,1344960.0,1346416.0,-1456.0,0.000357015351660106,0.34495999999999993,1
2023-11-30,1347840.0,1346416.0,1424.0,0.0021413276231263545,0.3478399999999999,1
2023-12-01,1355360.0,1346416.0,8944.0,0.0055792972459638435,0.3553599999999999,1
2023-12-04,1371968.0,1346416.0,25552.0,0.012253571006964892,0.3719680000000001,3
2023-12-05,1392608.0,1346416.0,46192.0,0.015044082660820024,0.39260800000000007,3
2023-12-06,1381088.0,1346416.0,34672.0,-0.008272248902778112,0.3810880000000001,3
2023-12-07,1391648.0,1346416.0,45232.0,0.007646145647489444,0.391648,3
2023-12-08,1348688.0,1346416.0,2272.0,-0.030869875140840164,0.3486880000000001,3
2023-12-11,1357328.0,1346416.0,10912.0,0.006406225902506835,0.3573280000000001,3
2023-12-12,1336928.0,1346416.0,-9488.0,-0.015029528603255793,0.3369279999999999,3
2023-12-13,1342688.0,1346416.0,-3728.0,0.004308384595131498,0.3426880000000001,3
2023-12-14,1351568.0,1346416.0,5152.0,0.006613598989489766,0.3515680000000001,3
2023-12-15,1352048.0,1346416.0,5632.0,0.00035514306346406954,0.3520479999999999,3
2023-12-18,1357568.0,1346416.0,11152.0,0.004082695288924576,0.3575680000000001,3
2023-12-19,1373888.0,1346416.0,27472.0,0.012021497265698677,0.373888,3
2023-12-20,1366928.0,1346416.0,20512.0,-0.0050659151255415535,0.3669279999999999,3
2023-12-21,1362368.0,1346416.0,15952.0,-0.0033359474676062373,0.362368,3
2023-12-22,1368368.0,1346416.0,21952.0,0.004404096396861901,0.36836800000000003,3
2023-12-25,1362368.0,1346416.0,15952.0,-0.004384785379371592,0.362368,3
2023-12-26,1361888.0,1346416.0,15472.0,-0.0003523277117489787,0.361888,3
2023-12-27,1371008.0,1346416.0,24592.0,0.006696585916022402,0.371008,3
2023-12-28,1382528.0,1346416.0,36112.0,0.00840257679021561,0.382528,3
2023-12-29,1381328.0,1346416.0,34912.0,-0.0008679751874826058,0.3813279999999999,3
2024-01-02,1375808.0,1346416.0,29392.0,-0.003996154425306653,0.3758079999999999,3
2024-01-03,1378928.0,1346416.0,32512.0,0.00226775829185466,0.37892799999999993,3
2024-01-04,1379648.0,1346416.0,33232.0,0.0005221447385215239,0.379648,3
2024-01-05,1387808.0,1346416.0,41392.0,0.0059145521176415805,0.38780799999999993,3
2024-01-08,1390208.0,1346416.0,43792.0,0.0017293458461111744,0.3902080000000001,3
2024-01-09,1389968.0,1346416.0,43552.0,-0.00017263603719730458,0.3899680000000001,3
2024-01-10,1394288.0,1346416.0,47872.0,0.0031079852198037106,0.39428799999999997,3
2024-01-11,1392128.0,1346416.0,45712.0,-0.001549177788233158,0.39212800000000003,3
2024-01-12,1389488.0,1346416.0,43072.0,-0.0018963773446120102,0.38948800000000006,3
2024-01-15,1375088.0,1346416.0,28672.0,-0.010363529587877007,0.3750880000000001,3
2024-01-16,1377008.0,1346416.0,30592.0,0.0013962742748101498,0.377008,3
2024-01-17,1384688.0,1346416.0,38272.0,0.00557730964525982,0.3846879999999999,3
2024-01-18,1384688.0,1346416.0,38272.0,0.0,0.3846879999999999,3
2024-01-19,1382528.0,1346416.0,36112.0,-0.0015599181909571325,0.382528,3
2024-01-22,1374608.0,1346416.0,28192.0,-0.005728636237385398,0.37460800000000005,3
2024-01-23,1376768.0,1346416.0,30352.0,0.0015713570705249147,0.376768,3
2024-01-24,1371488.0,1346416.0,25072.0,-0.003835068798810015,0.37148800000000004,3
2024-01-25,1368848.0,1368848.0,0.0,-0.0019249165869479334,0.36884800000000006,0
2024-01-26,1368848.0,1368848.0,0.0,0.0,0.36884800000000006,0
2024-01-29,1368848.0,1368848.0,0.0,0.0,0.36884800000000006,0
2024-01-30,1368848.0,1368848.0,0.0,0.0,0.36884800000000006,0
2024-01-31,1368848.0,1368848.0,0.0,0.0,0.36884800000000006,0
2024-02-01,1368848.0,1368848.0,0.0,0.0,0.36884800000000006,0
2024-02-02,1368848.0,1368848.0,0.0,0.0,0.36884800000000006,0
2024-02-05,1368848.0,1368848.0,0.0,0.0,0.36884800000000006,0
2024-02-06,1368848.0,1368848.0,0.0,0.0,0.36884800000000006,0
2024-02-07,1368848.0,1368848.0,0.0,0.0,0.36884800000000006,0
2024-02-08,1368848.0,1368848.0,0.0,0.0,0.36884800000000006,0
2024-02-19,1368848.0,1368848.0,0.0,0.0,0.36884800000000006,0
2024-02-20,1368848.0,1368848.0,0.0,0.0,0.36884800000000006,0
2024-02-21,1368848.0,1368848.0,0.0,0.0,0.36884800000000006,0
2024-02-22,1368848.0,1368848.0,0.0,0.0,0.36884800000000006,0
2024-02-23,1368848.0,1368848.0,0.0,0.0,0.36884800000000006,0
2024-02-26,1368848.0,1368848.0,0.0,0.0,0.36884800000000006,0
2024-02-27,1368848.0,1368848.0,0.0,0.0,0.36884800000000006,0
2024-02-28,1368848.0,1368848.0,0.0,0.0,0.36884800000000006,0
2024-02-29,1368848.0,1368848.0,0.0,0.0,0.36884800000000006,0
2024-03-01,1368848.0,1368848.0,0.0,0.0,0.36884800000000006,0
2024-03-04,1368848.0,1368848.0,0.0,0.0,0.36884800000000006,0
2024-03-05,1368848.0,1368848.0,0.0,0.0,0.36884800000000006,0
2024-03-06,1368848.0,1368848.0,0.0,0.0,0.36884800000000006,0
2024-03-07,1367872.0,1368848.0,-976.0,-0.0007130083106378082,0.367872,1
2024-03-08,1369712.0,1368848.0,864.0,0.0013451551022318764,0.36971200000000004,1
2024-03-11,1370192.0,1368848.0,1344.0,0.0003504386323547326,0.3701920000000001,1
2024-03-12,1372272.0,1368848.0,3424.0,0.0015180354286115083,0.37227199999999994,1
2024-03-13,1367776.0,1368848.0,-1072.0,-0.0032763183975188515,0.3677760000000001,2
2024-03-14,1363296.0,1368848.0,-5552.0,-0.003275390122359223,0.36329600000000006,2
2024-03-15,1368896.0,1368848.0,48.0,0.004107691946576564,0.3688959999999999,2
2024-03-18,1379456.0,1368848.0,10608.0,0.007714245640282336,0.379456,2
2024-03-19,1381040.0,1368848.0,12192.0,0.0011482787417649298,0.38104000000000005,3
2024-03-20,1383920.0,1368848.0,15072.0,0.0020853849273012592,0.38392000000000004,3
2024-03-21,1381280.0,1368848.0,12432.0,-0.001907624718191836,0.38128000000000006,3
2024-03-22,1381760.0,1368848.0,12912.0,0.00034750376462411303,0.3817600000000001,3
2024-03-25,1388000.0,1368848.0,19152.0,0.004515979620194566,0.3879999999999999,3
2024-03-26,1381760.0,1368848.0,12912.0,-0.004495677233429363,0.3817600000000001,3
2024-03-27,1371680.0,1368848.0,2832.0,-0.0072950440018526574,0.37168,3
2024-03-28,1365680.0,1368848.0,-3168.0,-0.004374198063688328,0.36568,3
2024-03-29,1356080.0,1368848.0,-12768.0,-0.0070294651748579184,0.35607999999999995,3
2024-04-01,1360880.0,1368848.0,-7968.0,0.0035396141820540628,0.3608800000000001,3
2024-04-02,1355120.0,1368848.0,-13728.0,-0.004232555405325966,0.3551200000000001,3
2024-04-03,1383440.0,1368848.0,14592.0,0.02089851821240929,0.38344,3
2024-04-08,1385360.0,1368848.0,16512.0,0.0013878447926907178,0.3853599999999999,3
2024-04-09,1399520.0,1368848.0,30672.0,0.010221169948605446,0.3995200000000001,3
2024-04-10,1392320.0,1368848.0,23472.0,-0.005144621012918682,0.39232,3
2024-04-11,1376720.0,1368848.0,7872.0,-0.0112043208457826,0.37671999999999994,3
2024-04-12,1365440.0,1368848.0,-3408.0,-0.008193387181126166,0.36544,3
2024-04-15,1373840.0,1368848.0,4992.0,0.0061518631356924924,0.37383999999999995,3
2024-04-16,1354880.0,1368848.0,-13968.0,-0.013800733709893431,0.3548800000000001,3
2024-04-17,1363280.0,1368848.0,-5568.0,0.006199811053377413,0.36328000000000005,3
2024-04-18,1369280.0,1368848.0,432.0,0.004401150167243628,0.36928000000000005,3
2024-04-19,1379120.0,1368848.0,10272.0,0.007186258471605589,0.3791199999999999,3
2024-04-22,1370480.0,1368848.0,1632.0,-0.006264864551308036,0.3704799999999999,3
2024-04-23,1358240.0,1368848.0,-10608.0,-0.008931177397700107,0.3582399999999999,3
2024-04-24,1364000.0,1368848.0,-4848.0,0.004240782188714709,0.3640000000000001,3
2024-04-25,1347680.0,1368848.0,-21168.0,-0.011964809384164221,0.34768,3
2024-04-26,1355120.0,1368848.0,-13728.0,0.005520598361628881,0.3551200000000001,3
2024-04-29,1339040.0,1368848.0,-29808.0,-0.011866107798571335,0.33904,3
2024-04-30,1339520.0,1368848.0,-29328.0,0.00035846576651921147,0.33952000000000004,3
2024-05-06,1352480.0,1368848.0,-16368.0,0.009675107501194491,0.3524799999999999,3
2024-05-07,1352960.0,1368848.0,-15888.0,0.00035490358452627824,0.35295999999999994,3
2024-05-08,1358240.0,1368848.0,-10608.0,0.00390255439924303,0.3582399999999999,3
2024-05-09,1359200.0,1359200.0,0.0,0.0007067970314524885,0.35919999999999996,0
2024-05-10,1359200.0,1359200.0,0.0,0.0,0.35919999999999996,0
2024-05-13,1359200.0,1359200.0,0.0,0.0,0.35919999999999996,0
2024-05-14,1359200.0,1359200.0,0.0,0.0,0.35919999999999996,0
2024-05-15,1359200.0,1359200.0,0.0,0.0,0.35919999999999996,0
2024-05-16,1359200.0,1359200.0,0.0,0.0,0.35919999999999996,0
2024-05-17,1359200.0,1359200.0,0.0,0.0,0.35919999999999996,0
2024-05-20,1359200.0,1359200.0,0.0,0.0,0.35919999999999996,0
2024-05-21,1359200.0,1359200.0,0.0,0.0,0.35919999999999996,0
2024-05-22,1359200.0,1359200.0,0.0,0.0,0.35919999999999996,0
2024-05-23,1359200.0,1359200.0,0.0,0.0,0.35919999999999996,0
2024-05-24,1359200.0,1359200.0,0.0,0.0,0.35919999999999996,0
2024-05-27,1359200.0,1359200.0,0.0,0.0,0.35919999999999996,0
2024-05-28,1359200.0,1359200.0,0.0,0.0,0.35919999999999996,0
2024-05-29,1359200.0,1359200.0,0.0,0.0,0.35919999999999996,0
2024-05-30,1359200.0,1359200.0,0.0,0.0,0.35919999999999996,0
2024-05-31,1359200.0,1359200.0,0.0,0.0,0.35919999999999996,0
2024-06-03,1359200.0,1359200.0,0.0,0.0,0.35919999999999996,0
2024-06-04,1359200.0,1359200.0,0.0,0.0,0.35919999999999996,0
2024-06-05,1359200.0,1359200.0,0.0,0.0,0.35919999999999996,0
2024-06-06,1359200.0,1359200.0,0.0,0.0,0.35919999999999996,0
2024-06-07,1359200.0,1359200.0,0.0,0.0,0.35919999999999996,0
2024-06-11,1359200.0,1359200.0,0.0,0.0,0.35919999999999996,0
2024-06-12,1359200.0,1359200.0,0.0,0.0,0.35919999999999996,0
2024-06-13,1359200.0,1359200.0,0.0,0.0,0.35919999999999996,0
2024-06-14,1359200.0,1359200.0,0.0,0.0,0.35919999999999996,0
2024-06-17,1359200.0,1359200.0,0.0,0.0,0.35919999999999996,0
2024-06-18,1359200.0,1359200.0,0.0,0.0,0.35919999999999996,0
2024-06-19,1359200.0,1359200.0,0.0,0.0,0.35919999999999996,0
2024-06-20,1359200.0,1359200.0,0.0,0.0,0.35919999999999996,0
2024-06-21,1359200.0,1359200.0,0.0,0.0,0.35919999999999996,0
2024-06-24,1359200.0,1359200.0,0.0,0.0,0.35919999999999996,0
2024-06-25,1359200.0,1359200.0,0.0,0.0,0.35919999999999996,0
2024-06-26,1359200.0,1359200.0,0.0,0.0,0.35919999999999996,0
2024-06-27,1359200.0,1359200.0,0.0,0.0,0.35919999999999996,0
2024-06-28,1359200.0,1359200.0,0.0,0.0,0.35919999999999996,0
2024-07-01,1359200.0,1359200.0,0.0,0.0,0.35919999999999996,0
2024-07-02,1359200.0,1359200.0,0.0,0.0,0.35919999999999996,0
2024-07-03,1359200.0,1359200.0,0.0,0.0,0.35919999999999996,0
2024-07-04,1359200.0,1359200.0,0.0,0.0,0.35919999999999996,0
2024-07-05,1359200.0,1359200.0,0.0,0.0,0.35919999999999996,0
2024-07-08,1359200.0,1359200.0,0.0,0.0,0.35919999999999996,0
2024-07-09,1359200.0,1359200.0,0.0,0.0,0.35919999999999996,0
2024-07-10,1359200.0,1359200.0,0.0,0.0,0.35919999999999996,0
2024-07-11,1359200.0,1359200.0,0.0,0.0,0.35919999999999996,0
2024-07-12,1359200.0,1359200.0,0.0,0.0,0.35919999999999996,0
2024-07-15,1359200.0,1359200.0,0.0,0.0,0.35919999999999996,0
2024-07-16,1359200.0,1359200.0,0.0,0.0,0.35919999999999996,0
2024-07-17,1359200.0,1359200.0,0.0,0.0,0.35919999999999996,0
2024-07-18,1359200.0,1359200.0,0.0,0.0,0.35919999999999996,0
2024-07-19,1359200.0,1359200.0,0.0,0.0,0.35919999999999996,0
2024-07-22,1359200.0,1359200.0,0.0,0.0,0.35919999999999996,0
2024-07-23,1359904.0,1359200.0,704.0,0.000517951736315414,0.359904,1
2024-07-24,1359824.0,1359200.0,624.0,-5.882768195397681e-05,0.3598239999999999,1
2024-07-25,1358304.0,1359200.0,-896.0,-0.001117791714221883,0.35830399999999996,1
2024-07-26,1353904.0,1359200.0,-5296.0,-0.003239333757391605,0.353904,1
2024-07-29,1357024.0,1359200.0,-2176.0,0.002304446991810316,0.357024,1
2024-07-30,1357344.0,1359200.0,-1856.0,0.00023581012568674176,0.3573440000000001,1
2024-07-31,1359744.0,1359200.0,544.0,0.00176815899285665,0.35974400000000006,1
2024-08-01,1358624.0,1359200.0,-576.0,-0.0008236844582509839,0.35862400000000005,1
2024-08-02,1364384.0,1359200.0,5184.0,0.0042395835786797065,0.36438400000000004,1
2024-08-05,1367072.0,1359200.0,7872.0,0.0019701198489574523,0.36707200000000006,3
2024-08-06,1360832.0,1359200.0,1632.0,-0.0045644998946653415,0.36083200000000004,3
2024-08-07,1378352.0,1359200.0,19152.0,0.01287447679066922,0.378352,3
2024-08-08,1381232.0,1359200.0,22032.0,0.0020894517510765542,0.381232,3
2024-08-09,1382192.0,1382192.0,0.0,0.0006950316818608027,0.3821920000000001,0
2024-08-12,1382192.0,1382192.0,0.0,0.0,0.3821920000000001,0
2024-08-13,1382192.0,1382192.0,0.0,0.0,0.3821920000000001,0
2024-08-14,1382192.0,1382192.0,0.0,0.0,0.3821920000000001,0
2024-08-15,1382192.0,1382192.0,0.0,0.0,0.3821920000000001,0
2024-08-16,1382192.0,1382192.0,0.0,0.0,0.3821920000000001,0
2024-08-19,1382192.0,1382192.0,0.0,0.0,0.3821920000000001,0
2024-08-20,1382192.0,1382192.0,0.0,0.0,0.3821920000000001,0
2024-08-21,1382192.0,1382192.0,0.0,0.0,0.3821920000000001,0
2024-08-22,1382192.0,1382192.0,0.0,0.0,0.3821920000000001,0
2024-08-23,1382192.0,1382192.0,0.0,0.0,0.3821920000000001,0
2024-08-26,1382192.0,1382192.0,0.0,0.0,0.3821920000000001,0
2024-08-27,1382192.0,1382192.0,0.0,0.0,0.3821920000000001,0
2024-08-28,1382192.0,1382192.0,0.0,0.0,0.3821920000000001,0
2024-08-29,1382192.0,1382192.0,0.0,0.0,0.3821920000000001,0
2024-08-30,1382192.0,1382192.0,0.0,0.0,0.3821920000000001,0
2024-09-02,1382192.0,1382192.0,0.0,0.0,0.3821920000000001,0
2024-09-03,1382192.0,1382192.0,0.0,0.0,0.3821920000000001,0
2024-09-04,1382192.0,1382192.0,0.0,0.0,0.3821920000000001,0
2024-09-05,1382192.0,1382192.0,0.0,0.0,0.3821920000000001,0
2024-09-06,1382192.0,1382192.0,0.0,0.0,0.3821920000000001,0
2024-09-09,1382192.0,1382192.0,0.0,0.0,0.3821920000000001,0
2024-09-10,1382192.0,1382192.0,0.0,0.0,0.3821920000000001,0
2024-09-11,1382192.0,1382192.0,0.0,0.0,0.3821920000000001,0
2024-09-12,1383376.0,1382192.0,1184.0,0.0008566103696157068,0.38337599999999994,1
2024-09-13,1381216.0,1382192.0,-976.0,-0.0015613976243624705,0.381216,1
2024-09-18,1384576.0,1382192.0,2384.0,0.0024326390658666597,0.38457600000000003,1
2024-09-19,1378640.0,1382192.0,-3552.0,-0.004287233059073636,0.3786400000000001,2
2024-09-20,1378800.0,1382192.0,-3392.0,0.00011605640341216805,0.3788,2
2024-09-23,1394160.0,1382192.0,11968.0,0.011140121845082618,0.39416000000000007,2
2024-09-24,1394144.0,1382192.0,11952.0,-1.1476444597424695e-05,0.39414400000000005,3
2024-09-25,1415024.0,1382192.0,32832.0,0.01497693208162132,0.41502400000000006,3
2024-09-26,1419344.0,1382192.0,37152.0,0.003052951752055,0.41934399999999994,3
2024-09-27,1415024.0,1382192.0,32832.0,-0.0030436596061278465,0.41502400000000006,3
2024-09-30,1406384.0,1382192.0,24192.0,-0.006105903504110222,0.4063840000000001,3
2024-10-08,1395584.0,1382192.0,13392.0,-0.007679268251060911,0.39558399999999994,3
2024-10-09,1380224.0,1382192.0,-1968.0,-0.011006145097679498,0.3802239999999999,3
2024-10-10,1400624.0,1382192.0,18432.0,0.014780209589168036,0.4006240000000001,3
2024-10-11,1417664.0,1382192.0,35472.0,0.012166006008750285,0.41766400000000004,3
2024-10-14,1417904.0,1382192.0,35712.0,0.000169292582727687,0.41790400000000005,3
2024-10-15,1412864.0,1382192.0,30672.0,-0.0035545424796037395,0.4128639999999999,3
2024-10-16,1417424.0,1382192.0,35232.0,0.0032274868635622234,0.417424,3
2024-10-17,1426544.0,1382192.0,44352.0,0.0064342074072401,0.42654400000000003,3
2024-10-18,1423424.0,1382192.0,41232.0,-0.002187103937908663,0.423424,3
2024-10-21,1419824.0,1382192.0,37632.0,-0.0025291128995997836,0.419824,3
2024-10-22,1415504.0,1382192.0,33312.0,-0.0030426306359098154,0.4155040000000001,3
2024-10-23,1412384.0,1382192.0,30192.0,-0.0022041619098215337,0.4123840000000001,3
2024-10-24,1409984.0,1382192.0,27792.0,-0.0016992545936516112,0.4099839999999999,3
2024-10-25,1420544.0,1382192.0,38352.0,0.007489446688756729,0.42054400000000003,3
2024-10-28,1423664.0,1382192.0,41472.0,0.002196341683186054,0.42366400000000004,3
2024-10-29,1423424.0,1382192.0,41232.0,-0.00016857910293444078,0.423424,3
2024-10-30,1418384.0,1382192.0,36192.0,-0.0035407580594397636,0.4183840000000001,3
2024-10-31,1422464.0,1382192.0,40272.0,0.0028765129894301467,0.42246399999999995,3
2024-11-01,1413104.0,1382192.0,30912.0,-0.006580131377665777,0.4131039999999999,3
2024-11-04,1408544.0,1382192.0,26352.0,-0.0032269387108097014,0.408544,3
2024-11-05,1414304.0,1382192.0,32112.0,0.004089329122838992,0.414304,3
2024-11-06,1416704.0,1382192.0,34512.0,0.0016969477566350921,0.41670399999999996,3
2024-11-07,1406144.0,1382192.0,23952.0,-0.007453921214311543,0.40614400000000006,3
2024-11-08,1411664.0,1382192.0,29472.0,0.0039256292385416724,0.41166400000000003,3
2024-11-11,1407104.0,1382192.0,24912.0,-0.003230230423103553,0.4071039999999999,3
2024-11-12,1397744.0,1382192.0,15552.0,-0.0066519603383972115,0.3977440000000001,3
2024-11-13,1397504.0,1397504.0,0.0,-0.0001717052621938997,0.3975040000000001,0
2024-11-14,1397504.0,1397504.0,0.0,0.0,0.3975040000000001,0
2024-11-15,1397504.0,1397504.0,0.0,0.0,0.3975040000000001,0
2024-11-18,1397504.0,1397504.0,0.0,0.0,0.3975040000000001,0
2024-11-19,1397504.0,1397504.0,0.0,0.0,0.3975040000000001,0
2024-11-20,1397504.0,1397504.0,0.0,0.0,0.3975040000000001,0
2024-11-21,1397504.0,1397504.0,0.0,0.0,0.3975040000000001,0
2024-11-22,1397504.0,1397504.0,0.0,0.0,0.3975040000000001,0
2024-11-25,1397504.0,1397504.0,0.0,0.0,0.3975040000000001,0
2024-11-26,1397504.0,1397504.0,0.0,0.0,0.3975040000000001,0
2024-11-27,1397504.0,1397504.0,0.0,0.0,0.3975040000000001,0
2024-11-28,1397504.0,1397504.0,0.0,0.0,0.3975040000000001,0
2024-11-29,1397504.0,1397504.0,0.0,0.0,0.3975040000000001,0
2024-12-02,1397504.0,1397504.0,0.0,0.0,0.3975040000000001,0
2024-12-03,1397504.0,1397504.0,0.0,0.0,0.3975040000000001,0
2024-12-04,1397504.0,1397504.0,0.0,0.0,0.3975040000000001,0
2024-12-05,1397504.0,1397504.0,0.0,0.0,0.3975040000000001,0
2024-12-06,1397504.0,1397504.0,0.0,0.0,0.3975040000000001,0
2024-12-09,1397504.0,1397504.0,0.0,0.0,0.3975040000000001,0
2024-12-10,1397504.0,1397504.0,0.0,0.0,0.3975040000000001,0
2024-12-11,1397504.0,1397504.0,0.0,0.0,0.3975040000000001,0
2024-12-12,1397504.0,1397504.0,0.0,0.0,0.3975040000000001,0
2024-12-13,1397488.0,1397504.0,-16.0,-1.1448983330275553e-05,0.39748800000000006,1
2024-12-16,1400128.0,1397504.0,2624.0,0.001889103877815046,0.40012800000000004,1
2024-12-17,1402416.0,1397504.0,4912.0,0.0016341363075376147,0.4024160000000001,3
2024-12-18,1406976.0,1397504.0,9472.0,0.0032515316425367757,0.406976,3
2024-12-19,1417776.0,1397504.0,20272.0,0.007676037117903878,0.4177759999999999,3
2024-12-20,1412496.0,1397504.0,14992.0,-0.00372414260080578,0.412496,3
2024-12-23,1409136.0,1397504.0,11632.0,-0.002378767798280501,0.40913599999999994,3
2024-12-24,1401216.0,1397504.0,3712.0,-0.0056204653064004795,0.401216,3
2024-12-25,1406496.0,1397504.0,8992.0,0.0037681556590847265,0.40649599999999997,3
2024-12-26,1410576.0,1397504.0,13072.0,0.002900825882192315,0.41057600000000005,3
2024-12-27,1406976.0,1397504.0,9472.0,-0.002552148909381713,0.406976,3
2024-12-30,1405536.0,1397504.0,8032.0,-0.0010234716157204726,0.4055359999999999,3
2024-12-31,1406256.0,1397504.0,8752.0,0.0005122600915237197,0.40625599999999995,3
2025-01-02,1392336.0,1397504.0,-5168.0,-0.009898624432535752,0.392336,3
2025-01-03,1399056.0,1397504.0,1552.0,0.004826421208673715,0.3990560000000001,3
2025-01-06,1396416.0,1397504.0,-1088.0,-0.0018869866538580027,0.3964160000000001,3
2025-01-07,1407696.0,1397504.0,10192.0,0.00807782208167196,0.40769600000000006,3
2025-01-08,1401696.0,1397504.0,4192.0,-0.0042622839022061765,0.40169600000000005,3
2025-01-09,1412976.0,1397504.0,15472.0,0.008047394014108589,0.412976,3
2025-01-10,1408176.0,1397504.0,10672.0,-0.003397085300811953,0.4081760000000001,3
2025-01-13,1399536.0,1397504.0,2032.0,-0.006135596686777767,0.3995359999999999,3
2025-01-14,1395696.0,1397504.0,-1808.0,-0.0027437665054703686,0.39569600000000005,3
2025-01-15,1395216.0,1395216.0,0.0,-0.00034391443408876565,0.395216,0
2025-01-16,1395216.0,1395216.0,0.0,0.0,0.395216,0
2025-01-17,1395216.0,1395216.0,0.0,0.0,0.395216,0
2025-01-20,1395216.0,1395216.0,0.0,0.0,0.395216,0
2025-01-21,1395216.0,1395216.0,0.0,0.0,0.395216,0
2025-01-22,1395216.0,1395216.0,0.0,0.0,0.395216,0
2025-01-23,1395216.0,1395216.0,0.0,0.0,0.395216,0
2025-01-24,1395216.0,1395216.0,0.0,0.0,0.395216,0
2025-01-27,1395216.0,1395216.0,0.0,0.0,0.395216,0
2025-02-05,1395216.0,1395216.0,0.0,0.0,0.395216,0
2025-02-06,1395216.0,1395216.0,0.0,0.0,0.395216,0
2025-02-07,1395216.0,1395216.0,0.0,0.0,0.395216,0
2025-02-10,1395216.0,1395216.0,0.0,0.0,0.395216,0
2025-02-11,1395216.0,1395216.0,0.0,0.0,0.395216,0
2025-02-12,1395216.0,1395216.0,0.0,0.0,0.395216,0
2025-02-13,1395216.0,1395216.0,0.0,0.0,0.395216,0
2025-02-14,1395216.0,1395216.0,0.0,0.0,0.395216,0
2025-02-17,1395216.0,1395216.0,0.0,0.0,0.395216,0
2025-02-18,1395216.0,1395216.0,0.0,0.0,0.395216,0
2025-02-19,1395216.0,1395216.0,0.0,0.0,0.395216,0
2025-02-20,1395216.0,1395216.0,0.0,0.0,0.395216,0
2025-02-21,1395216.0,1395216.0,0.0,0.0,0.395216,0
2025-02-24,1395216.0,1395216.0,0.0,0.0,0.395216,0
2025-02-25,1395216.0,1395216.0,0.0,0.0,0.395216,0
2025-02-26,1395216.0,1395216.0,0.0,0.0,0.395216,0
2025-02-27,1395216.0,1395216.0,0.0,0.0,0.395216,0
2025-02-28,1395216.0,1395216.0,0.0,0.0,0.395216,0
2025-03-03,1395216.0,1395216.0,0.0,0.0,0.395216,0
2025-03-04,1395216.0,1395216.0,0.0,0.0,0.395216,0
2025-03-05,1395216.0,1395216.0,0.0,0.0,0.395216,0
2025-03-06,1395216.0,1395216.0,0.0,0.0,0.395216,0
2025-03-07,1395216.0,1395216.0,0.0,0.0,0.395216,0
2025-03-10,1395216.0,1395216.0,0.0,0.0,0.395216,0
2025-03-11,1395216.0,1395216.0,0.0,0.0,0.395216,0
2025-03-12,1395216.0,1395216.0,0.0,0.0,0.395216,0
2025-03-13,1395216.0,1395216.0,0.0,0.0,0.395216,0
2025-03-14,1395216.0,1395216.0,0.0,0.0,0.395216,0
2025-03-17,1396720.0,1395216.0,1504.0,0.001077969289343006,0.39671999999999996,1
2025-03-18,1400064.0,1395216.0,4848.0,0.0023941806518128494,0.400064,2
2025-03-19,1395568.0,1395216.0,352.0,-0.003211281769976204,0.3955679999999999,3
2025-03-20,1390528.0,1395216.0,-4688.0,-0.003611432764293876,0.390528,3
2025-03-21,1382848.0,1395216.0,-12368.0,-0.0055230818796888625,0.3828480000000001,3
2025-03-24,1388608.0,1395216.0,-6608.0,0.004165316795482932,0.38860800000000006,3
2025-03-25,1387648.0,1395216.0,-7568.0,-0.0006913398165645512,0.387648,3
2025-03-26,1391488.0,1395216.0,-3728.0,0.00276727239184571,0.39148800000000006,3
2025-03-27,1390528.0,1395216.0,-4688.0,-0.0006899089320209217,0.390528,3
2025-03-28,1376608.0,1395216.0,-18608.0,-0.010010585906936043,0.37660800000000005,3
2025-03-31,1380448.0,1380448.0,0.0,0.0027894651200632836,0.3804479999999999,0
2025-04-01,1380448.0,1380448.0,0.0,0.0,0.3804479999999999,0
2025-04-02,1380448.0,1380448.0,0.0,0.0,0.3804479999999999,0
2025-04-03,1380448.0,1380448.0,0.0,0.0,0.3804479999999999,0
2025-04-07,1380448.0,1380448.0,0.0,0.0,0.3804479999999999,0
2025-04-08,1380448.0,1380448.0,0.0,0.0,0.3804479999999999,0
2025-04-09,1380448.0,1380448.0,0.0,0.0,0.3804479999999999,0
2025-04-10,1380448.0,1380448.0,0.0,0.0,0.3804479999999999,0
2025-04-11,1380448.0,1380448.0,0.0,0.0,0.3804479999999999,0
2025-04-14,1380448.0,1380448.0,0.0,0.0,0.3804479999999999,0
2025-04-15,1381312.0,1380448.0,864.0,0.0006258837710655385,0.3813120000000001,1
2025-04-16,1378352.0,1380448.0,-2096.0,-0.0021428902376871006,0.378352,1
2025-04-17,1380112.0,1380448.0,-336.0,0.0012768871812134375,0.380112,1
2025-04-18,1380592.0,1380448.0,144.0,0.00034779785988381384,0.38059200000000004,1
2025-04-21,1382032.0,1380448.0,1584.0,0.0010430308157660662,0.3820319999999999,1
2025-04-22,1380912.0,1380448.0,464.0,-0.0008104009169107584,0.3809119999999999,1
2025-04-23,1378992.0,1380448.0,-1456.0,-0.0013903854843755337,0.378992,1
2025-04-24,1375312.0,1380448.0,-5136.0,-0.0026686159165535406,0.3753120000000001,1
2025-04-25,1375552.0,1380448.0,-4896.0,0.00017450585757994297,0.3755520000000001,1
2025-04-28,1375232.0,1380448.0,-5216.0,-0.0002326338807984163,0.375232,1
2025-04-29,1372032.0,1380448.0,-8416.0,-0.0023268801191362876,0.3720319999999999,1
2025-04-30,1371712.0,1380448.0,-8736.0,-0.00023323071182013155,0.37171200000000004,1
2025-05-06,1372512.0,1380448.0,-7936.0,0.0005832128026874717,0.37251199999999995,1
2025-05-07,1372912.0,1380448.0,-7536.0,0.0002914364318855611,0.3729119999999999,1
2025-05-08,1371712.0,1380448.0,-8736.0,-0.0008740545643128872,0.37171200000000004,1
2025-05-09,1371872.0,1371872.0,0.0,0.00011664256053744992,0.371872,0
2025-05-12,1371872.0,1371872.0,0.0,0.0,0.371872,0
2025-05-13,1371872.0,1371872.0,0.0,0.0,0.371872,0
2025-05-14,1371872.0,1371872.0,0.0,0.0,0.371872,0
2025-05-15,1371872.0,1371872.0,0.0,0.0,0.371872,0
2025-05-16,1371872.0,1371872.0,0.0,0.0,0.371872,0
2025-05-19,1371872.0,1371872.0,0.0,0.0,0.371872,0
2025-05-20,1371872.0,1371872.0,0.0,0.0,0.371872,0
2025-05-21,1371872.0,1371872.0,0.0,0.0,0.371872,0
2025-05-22,1371872.0,1371872.0,0.0,0.0,0.371872,0
2025-05-23,1371872.0,1371872.0,0.0,0.0,0.371872,0
2025-05-26,1371872.0,1371872.0,0.0,0.0,0.371872,0
2025-05-27,1371872.0,1371872.0,0.0,0.0,0.371872,0
2025-05-28,1371872.0,1371872.0,0.0,0.0,0.371872,0
2025-05-29,1371872.0,1371872.0,0.0,0.0,0.371872,0
2025-05-30,1371872.0,1371872.0,0.0,0.0,0.371872,0
2025-06-03,1371872.0,1371872.0,0.0,0.0,0.371872,0
2025-06-04,1371872.0,1371872.0,0.0,0.0,0.371872,0
2025-06-05,1371872.0,1371872.0,0.0,0.0,0.371872,0
2025-06-06,1371872.0,1371872.0,0.0,0.0,0.371872,0
2025-06-09,1371872.0,1371872.0,0.0,0.0,0.371872,0
2025-06-10,1371872.0,1371872.0,0.0,0.0,0.371872,0
2025-06-11,1371872.0,1371872.0,0.0,0.0,0.371872,0
2025-06-12,1371872.0,1371872.0,0.0,0.0,0.371872,0
2025-06-13,1371872.0,1371872.0,0.0,0.0,0.371872,0
2025-06-16,1371872.0,1371872.0,0.0,0.0,0.371872,0
2025-06-17,1371872.0,1371872.0,0.0,0.0,0.371872,0
2025-06-18,1371872.0,1371872.0,0.0,0.0,0.371872,0
2025-06-19,1371872.0,1371872.0,0.0,0.0,0.371872,0
2025-06-20,1371872.0,1371872.0,0.0,0.0,0.371872,0
2025-06-23,1371872.0,1371872.0,0.0,0.0,0.371872,0
2025-06-24,1371872.0,1371872.0,0.0,0.0,0.371872,0
2025-06-25,1371872.0,1371872.0,0.0,0.0,0.371872,0
2025-06-26,1371872.0,1371872.0,0.0,0.0,0.371872,0
2025-06-27,1371872.0,1371872.0,0.0,0.0,0.371872,0
2025-06-30,1371872.0,1371872.0,0.0,0.0,0.371872,0
2025-07-01,1371872.0,1371872.0,0.0,0.0,0.371872,0
2025-07-02,1371872.0,1371872.0,0.0,0.0,0.371872,0
2025-07-03,1372336.0,1371872.0,464.0,0.00033822397424843054,0.372336,1
2025-07-04,1371296.0,1371872.0,-576.0,-0.0007578319012253587,0.37129600000000007,1
2025-07-07,1370336.0,1371872.0,-1536.0,-0.0007000676732084044,0.370336,1
2025-07-08,1370816.0,1371872.0,-1056.0,0.00035027905564777306,0.37081600000000003,1
2025-07-09,1370656.0,1371872.0,-1216.0,-0.00011671880106445265,0.3706560000000001,1
2025-07-10,1372416.0,1371872.0,544.0,0.0012840566852660995,0.3724160000000001,1
2025-07-11,1371936.0,1371872.0,64.0,-0.000349748181309506,0.37193600000000004,1
2025-07-14,1370976.0,1371872.0,-896.0,-0.0006997410957945149,0.370976,1
2025-07-15,1370416.0,1371872.0,-1456.0,-0.0004084681278154756,0.3704160000000001,1
2025-07-16,1366576.0,1371872.0,-5296.0,-0.0028020688608422217,0.366576,1
2025-07-17,1367376.0,1371872.0,-4496.0,0.0005854046902624699,0.3673759999999999,1
2025-07-18,1368576.0,1371872.0,-3296.0,0.0008775932881666115,0.368576,1
2025-07-21,1372256.0,1371872.0,384.0,0.002688926300037364,0.3722559999999999,1
2025-07-22,1372496.0,1371872.0,624.0,0.00017489448033014554,0.37249599999999994,1
2025-07-23,1375856.0,1371872.0,3984.0,0.002448094566395831,0.37585599999999997,1
2025-07-24,1368064.0,1371872.0,-3808.0,-0.005663383377330189,0.36806399999999995,3
2025-07-25,1369024.0,1371872.0,-2848.0,0.0007017215568863033,0.369024,3
2025-07-28,1356544.0,1371872.0,-15328.0,-0.009115983357486757,0.35654399999999997,3
2025-07-29,1357744.0,1371872.0,-14128.0,0.0008846008680882811,0.35774400000000006,3
2025-07-30,1354144.0,1371872.0,-17728.0,-0.0026514571229923067,0.354144,3
2025-07-31,1355584.0,1355584.0,0.0,0.0010634024151050525,0.3555839999999999,0
2025-08-01,1355584.0,1355584.0,0.0,0.0,0.3555839999999999,0
2025-08-04,1355584.0,1355584.0,0.0,0.0,0.3555839999999999,0
2025-08-05,1355584.0,1355584.0,0.0,0.0,0.3555839999999999,0
2025-08-06,1355584.0,1355584.0,0.0,0.0,0.3555839999999999,0
2025-08-07,1355584.0,1355584.0,0.0,0.0,0.3555839999999999,0
2025-08-08,1355584.0,1355584.0,0.0,0.0,0.3555839999999999,0
2025-08-11,1355584.0,1355584.0,0.0,0.0,0.3555839999999999,0
2025-08-12,1355584.0,1355584.0,0.0,0.0,0.3555839999999999,0
2025-08-13,1355584.0,1355584.0,0.0,0.0,0.3555839999999999,0
2025-08-14,1355584.0,1355584.0,0.0,0.0,0.3555839999999999,0
2025-08-15,1355584.0,1355584.0,0.0,0.0,0.3555839999999999,0
2025-08-18,1355584.0,1355584.0,0.0,0.0,0.3555839999999999,0
2025-08-19,1355584.0,1355584.0,0.0,0.0,0.3555839999999999,0
2025-08-20,1355584.0,1355584.0,0.0,0.0,0.3555839999999999,0
2025-08-21,1355584.0,1355584.0,0.0,0.0,0.3555839999999999,0
2025-08-22,1355584.0,1355584.0,0.0,0.0,0.3555839999999999,0
2025-08-25,1355584.0,1355584.0,0.0,0.0,0.3555839999999999,0
2025-08-26,1355584.0,1355584.0,0.0,0.0,0.3555839999999999,0
2025-08-27,1355584.0,1355584.0,0.0,0.0,0.3555839999999999,0
2025-08-28,1355584.0,1355584.0,0.0,0.0,0.3555839999999999,0
2025-08-29,1356448.0,1355584.0,864.0,0.0006373636749916756,0.3564480000000001,1
2025-09-01,1355328.0,1355584.0,-256.0,-0.0008256859090801649,0.3553280000000001,1
2025-09-02,1355808.0,1355584.0,224.0,0.00035415781272130076,0.3558079999999999,1
2025-09-03,1356528.0,1355584.0,944.0,0.0005310486440557316,0.35652799999999996,1
2025-09-04,1359488.0,1355584.0,3904.0,0.0021820412110917786,0.35948800000000003,1
2025-09-05,1361376.0,1355584.0,5792.0,0.0013887581207041588,0.3613759999999999,3
2025-09-08,1362336.0,1355584.0,6752.0,0.0007051688879486928,0.362336,3
2025-09-09,1365936.0,1355584.0,10352.0,0.002642519906983276,0.36593600000000004,3
2025-09-10,1361856.0,1355584.0,6272.0,-0.0029869627859577808,0.36185599999999996,3
2025-09-11,1361616.0,1355584.0,6032.0,-0.00017623008600031742,0.36161599999999994,3
2025-09-12,1364736.0,1355584.0,9152.0,0.0022913949307292736,0.36473599999999995,3
2025-09-15,1363776.0,1355584.0,8192.0,-0.0007034327518289363,0.3637760000000001,3
2025-09-16,1369296.0,1355584.0,13712.0,0.004047585527241937,0.36929600000000007,3
2025-09-17,1376976.0,1355584.0,21392.0,0.005608721562028851,0.376976,3
2025-09-18,1385136.0,1355584.0,29552.0,0.0059260292118381575,0.3851359999999999,3
2025-09-19,1385376.0,1355584.0,29792.0,0.00017326818449592274,0.38537599999999994,3
2025-09-22,1386816.0,1355584.0,31232.0,0.0010394290069988266,0.38681600000000005,3
2025-09-23,1393056.0,1355584.0,37472.0,0.004499515436799051,0.39305600000000007,3
2025-09-24,1389936.0,1355584.0,34352.0,-0.002239680242574593,0.38993600000000006,3
2025-09-25,1392096.0,1355584.0,36512.0,0.0015540283869184268,0.392096,3
2025-09-26,1397376.0,1355584.0,41792.0,0.0037928418729742397,0.39737599999999995,3
2025-09-29,1410816.0,1355584.0,55232.0,0.00961802693047531,0.41081600000000007,3
2025-09-30,1407936.0,1355584.0,52352.0,-0.002041371801850822,0.4079360000000001,3
2025-10-09,1413456.0,1355584.0,57872.0,0.003920632756034381,0.41345600000000005,3
2025-10-10,1426656.0,1355584.0,71072.0,0.009338812103100391,0.4266559999999999,3
2025-10-13,1436016.0,1355584.0,80432.0,0.006560796716237105,0.43601599999999996,3
2025-10-14,1420416.0,1355584.0,64832.0,-0.010863388708760913,0.4204159999999999,3
2025-10-15,1422816.0,1355584.0,67232.0,0.0016896458502297929,0.4228160000000001,3
2025-10-16,1435296.0,1355584.0,79712.0,0.008771337966398951,0.4352959999999999,3
2025-10-17,1446576.0,1355584.0,90992.0,0.007859006086549325,0.4465760000000001,3
2025-10-20,1423296.0,1355584.0,67712.0,-0.016093174503102547,0.4232959999999999,3
2025-10-21,1422336.0,1422336.0,0.0,-0.0006744907594765648,0.42233600000000004,0
2025-10-22,1422336.0,1422336.0,0.0,0.0,0.42233600000000004,0
2025-10-23,1422336.0,1422336.0,0.0,0.0,0.42233600000000004,0
2025-10-24,1422336.0,1422336.0,0.0,0.0,0.42233600000000004,0
2025-10-27,1422336.0,1422336.0,0.0,0.0,0.42233600000000004,0
2025-10-28,1422336.0,1422336.0,0.0,0.0,0.42233600000000004,0
2025-10-29,1422336.0,1422336.0,0.0,0.0,0.42233600000000004,0
2025-10-30,1422336.0,1422336.0,0.0,0.0,0.42233600000000004,0
2025-10-31,1422336.0,1422336.0,0.0,0.0,0.42233600000000004,0
2025-11-03,1422336.0,1422336.0,0.0,0.0,0.42233600000000004,0
2025-11-04,1422336.0,1422336.0,0.0,0.0,0.42233600000000004,0
2025-11-05,1422336.0,1422336.0,0.0,0.0,0.42233600000000004,0
2025-11-06,1422336.0,1422336.0,0.0,0.0,0.42233600000000004,0
2025-11-07,1422336.0,1422336.0,0.0,0.0,0.42233600000000004,0
2025-11-10,1422336.0,1422336.0,0.0,0.0,0.42233600000000004,0
2025-11-11,1422336.0,1422336.0,0.0,0.0,0.42233600000000004,0
2025-11-12,1422336.0,1422336.0,0.0,0.0,0.42233600000000004,0
2025-11-13,1422336.0,1422336.0,0.0,0.0,0.42233600000000004,0
2025-11-14,1422336.0,1422336.0,0.0,0.0,0.42233600000000004,0
2025-11-17,1422336.0,1422336.0,0.0,0.0,0.42233600000000004,0
2025-11-18,1422336.0,1422336.0,0.0,0.0,0.42233600000000004,0
2025-11-19,1422240.0,1422336.0,-96.0,-6.749460043198319e-05,0.42223999999999995,1
2025-11-20,1424160.0,1422336.0,1824.0,0.0013499831252108407,0.4241600000000001,1
2025-11-21,1426784.0,1422336.0,4448.0,0.0018424896079092257,0.42678400000000005,2
2025-11-24,1425088.0,1422336.0,2752.0,-0.0011886872855316755,0.4250879999999999,3
2025-11-25,1424368.0,1422336.0,2032.0,-0.0005052319576054343,0.4243680000000001,3
2025-11-26,1418368.0,1422336.0,-3968.0,-0.0042123945497231086,0.4183680000000001,3
2025-11-27,1416208.0,1422336.0,-6128.0,-0.0015228769966609823,0.4162079999999999,3
2025-11-28,1421968.0,1422336.0,-368.0,0.004067199168483748,0.4219679999999999,3
2025-12-01,1420528.0,1422336.0,-1808.0,-0.0010126810167316869,0.420528,3
2025-12-02,1422448.0,1422336.0,112.0,0.0013516101055381924,0.42244799999999993,3
2025-12-03,1420768.0,1422336.0,-1568.0,-0.0011810625063271019,0.42076800000000003,3
2025-12-04,1425808.0,1422336.0,3472.0,0.0035473771931799902,0.42580799999999996,3
2025-12-05,1425808.0,1422336.0,3472.0,0.0,0.42580799999999996,3
2025-12-08,1425808.0,1422336.0,3472.0,0.0,0.42580799999999996,3
2025-12-09,1422688.0,1422336.0,352.0,-0.002188232917756161,0.42268799999999995,3
2025-12-10,1429408.0,1422336.0,7072.0,0.0047234530691198096,0.429408,3
2025-12-11,1433728.0,1422336.0,11392.0,0.0030222301820053143,0.4337279999999999,3
2025-12-12,1428688.0,1422336.0,6352.0,-0.003515311132934573,0.42868799999999996,3
2025-12-15,1429648.0,1422336.0,7312.0,0.0006719451692742684,0.42964800000000003,3
2025-12-16,1427488.0,1422336.0,5152.0,-0.0015108614148378052,0.4274880000000001,3
2025-12-17,1423408.0,1422336.0,1072.0,-0.0028581676343338858,0.423408,3
2025-12-18,1428688.0,1422336.0,6352.0,0.0037094072816787893,0.42868799999999996,3
2025-12-19,1428688.0,1422336.0,6352.0,0.0,0.42868799999999996,3
2025-12-22,1427728.0,1422336.0,5392.0,-0.0006719451692741574,0.4277280000000001,3
2025-12-23,1424368.0,1422336.0,2032.0,-0.0023533894411260636,0.4243680000000001,3
2025-12-24,1421248.0,1422336.0,-1088.0,-0.002190445165855981,0.42124800000000007,3
2025-12-25,1422208.0,1422336.0,-128.0,0.0006754626919440732,0.4222079999999999,3
2025-12-26,1413328.0,1422336.0,-9008.0,-0.00624381243812433,0.4133279999999999,3
2025-12-29,1405168.0,1405168.0,0.0,-0.005773606692855426,0.405168,0
2025-12-30,1405168.0,1405168.0,0.0,0.0,0.405168,0
2025-12-31,1405168.0,1405168.0,0.0,0.0,0.405168,0
2026-01-05,1405168.0,1405168.0,0.0,0.0,0.405168,0
2026-01-06,1405168.0,1405168.0,0.0,0.0,0.405168,0
2026-01-07,1405168.0,1405168.0,0.0,0.0,0.405168,0
2026-01-08,1405168.0,1405168.0,0.0,0.0,0.405168,0
2026-01-09,1405168.0,1405168.0,0.0,0.0,0.405168,0
2026-01-12,1405168.0,1405168.0,0.0,0.0,0.405168,0
2026-01-13,1405168.0,1405168.0,0.0,0.0,0.405168,0
2026-01-14,1405168.0,1405168.0,0.0,0.0,0.405168,0
2026-01-15,1404192.0,1405168.0,-976.0,-0.000694578868861262,0.4041920000000001,1
2026-01-16,1404672.0,1405168.0,-496.0,0.0003418335954057383,0.4046719999999999,1
2026-01-19,1400272.0,1405168.0,-4896.0,-0.0031324038636777463,0.40027199999999996,1
2026-01-20,1397792.0,1405168.0,-7376.0,-0.0017710844750162824,0.3977919999999999,1
2026-01-21,1396512.0,1405168.0,-8656.0,-0.0009157299512373429,0.396512,1
2026-01-22,1396992.0,1396992.0,0.0,0.0003437134804427089,0.396992,0
2026-01-23,1396992.0,1396992.0,0.0,0.0,0.396992,0
2026-01-26,1396992.0,1396992.0,0.0,0.0,0.396992,0
2026-01-27,1396992.0,1396992.0,0.0,0.0,0.396992,0
2026-01-28,1396992.0,1396992.0,0.0,0.0,0.396992,0
2026-01-29,1396992.0,1396992.0,0.0,0.0,0.396992,0
2026-01-30,1396992.0,1396992.0,0.0,0.0,0.396992,0
2026-02-02,1396992.0,1396992.0,0.0,0.0,0.396992,0
2026-02-03,1396992.0,1396992.0,0.0,0.0,0.396992,0
2026-02-04,1396992.0,1396992.0,0.0,0.0,0.396992,0
2026-02-05,1396992.0,1396992.0,0.0,0.0,0.396992,0
2026-02-06,1396992.0,1396992.0,0.0,0.0,0.396992,0
2026-02-09,1396992.0,1396992.0,0.0,0.0,0.396992,0
2026-02-10,1396992.0,1396992.0,0.0,0.0,0.396992,0
2026-02-11,1396992.0,1396992.0,0.0,0.0,0.396992,0
2026-02-12,1396992.0,1396992.0,0.0,0.0,0.396992,0
2026-02-13,1396992.0,1396992.0,0.0,0.0,0.396992,0
2026-02-24,1396992.0,1396992.0,0.0,0.0,0.396992,0
2026-02-25,1396992.0,1396992.0,0.0,0.0,0.396992,0
2026-02-26,1396992.0,1396992.0,0.0,0.0,0.396992,0
2026-02-27,1396992.0,1396992.0,0.0,0.0,0.396992,0
2026-03-02,1396992.0,1396992.0,0.0,0.0,0.396992,0
2026-03-03,1396992.0,1396992.0,0.0,0.0,0.396992,0
2026-03-04,1396992.0,1396992.0,0.0,0.0,0.396992,0
2026-03-05,1396992.0,1396992.0,0.0,0.0,0.396992,0
2026-03-06,1396992.0,1396992.0,0.0,0.0,0.396992,0
2026-03-09,1396992.0,1396992.0,0.0,0.0,0.396992,0
2026-03-10,1396992.0,1396992.0,0.0,0.0,0.396992,0
2026-03-11,1396992.0,1396992.0,0.0,0.0,0.396992,0
2026-03-12,1396992.0,1396992.0,0.0,0.0,0.396992,0
2026-03-13,1396992.0,1396992.0,0.0,0.0,0.396992,0
2026-03-16,1396992.0,1396992.0,0.0,0.0,0.396992,0
2026-03-17,1398896.0,1396992.0,1904.0,0.001362928348909609,0.3988959999999999,1
2026-03-18,1405440.0,1396992.0,8448.0,0.004677974631423609,0.40544,2
2026-03-19,1412304.0,1396992.0,15312.0,0.004883879781420797,0.412304,3
2026-03-20,1417824.0,1396992.0,20832.0,0.003908506950345059,0.417824,3
2026-03-23,1429344.0,1396992.0,32352.0,0.008125126955108586,0.42934399999999995,3
2026-03-24,1426224.0,1396992.0,29232.0,-0.0021828195311974774,0.42622399999999994,3
2026-03-25,1429344.0,1396992.0,32352.0,0.002187594655538083,0.42934399999999995,3
2026-03-26,1436304.0,1396992.0,39312.0,0.004869366646517603,0.436304,3
2026-03-27,1430064.0,1396992.0,33072.0,-0.004344484176051822,0.430064,3
2026-03-30,1428144.0,1396992.0,31152.0,-0.0013425972543885667,0.4281440000000001,3
2026-03-31,1439424.0,1396992.0,42432.0,0.007898363190266489,0.43942400000000004,3
2026-04-01,1447104.0,1396992.0,50112.0,0.005335467520341419,0.44710399999999995,3
2026-04-02,1447344.0,1396992.0,50352.0,0.0001658484808280125,0.44734399999999996,3
2026-04-03,1458144.0,1396992.0,61152.0,0.0074619440851657615,0.4581440000000001,3
2026-04-07,1466304.0,1396992.0,69312.0,0.00559615511225231,0.46630400000000005,3
2026-04-08,1463664.0,1396992.0,66672.0,-0.0018004452009952043,0.4636640000000001,3
2026-04-09,1467024.0,1396992.0,70032.0,0.0022956088282557463,0.4670240000000001,3
2026-04-10,1469664.0,1396992.0,72672.0,0.0017995615613650706,0.4696640000000001,3
2026-04-13,1473744.0,1396992.0,76752.0,0.00277614475145338,0.47374399999999994,3
2026-04-14,1467504.0,1396992.0,70512.0,-0.004234113930234873,0.4675039999999999,3
2026-04-15,1443264.0,1396992.0,46272.0,-0.016517842540804017,0.4432640000000001,3
2026-04-16,1433904.0,1396992.0,36912.0,-0.00648529998669678,0.43390400000000007,3
2026-04-17,1432704.0,1432704.0,0.0,-0.0008368761088608512,0.432704,0
2026-04-20,1432704.0,1432704.0,0.0,0.0,0.432704,0
2026-04-21,1432704.0,1432704.0,0.0,0.0,0.432704,0
2026-04-22,1432704.0,1432704.0,0.0,0.0,0.432704,0
2026-04-23,1432704.0,1432704.0,0.0,0.0,0.432704,0
2026-04-24,1432704.0,1432704.0,0.0,0.0,0.432704,0
2026-04-27,1432704.0,1432704.0,0.0,0.0,0.432704,0
2026-04-28,1432704.0,1432704.0,0.0,0.0,0.432704,0
2026-04-29,1432704.0,1432704.0,0.0,0.0,0.432704,0
2026-04-30,1432704.0,1432704.0,0.0,0.0,0.432704,0
2026-05-06,1432704.0,1432704.0,0.0,0.0,0.432704,0
2026-05-07,1432704.0,1432704.0,0.0,0.0,0.432704,0
